timestamp,machine_id,temperature,vibration,pressure,failure
2023-01-01 00:00:00,M3,75.48521627944827,0.5088406886291847,23.244628168959892,0
2023-01-01 01:00:00,M1,66.69049883588963,0.6477530081055262,23.38771021628215,0
2023-01-01 02:00:00,M3,77.70456825779839,0.3858310885866495,32.40933030859246,0
2023-01-01 03:00:00,M3,74.49761890550863,0.4806340540720282,32.736323986889836,0
2023-01-01 04:00:00,M1,72.6105195313359,0.4283177679397195,32.744419176586824,0
2023-01-01 05:00:00,M1,65.92436337958402,0.313346338292694,28.72522103223151,0
2023-01-01 06:00:00,M3,69.23228669431667,0.4917319314157301,29.372728699985498,0
2023-01-01 07:00:00,M2,82.55391225825755,0.48782524916167164,31.639397620796785,0
2023-01-01 08:00:00,M3,80.00917187624381,0.6513449743242131,30.429465031466652,0
2023-01-01 09:00:00,M3,65.22444755201448,0.5630811684554777,18.903498136262325,0
2023-01-01 10:00:00,M3,75.99332305429226,0.3975813175670795,28.85100184712403,0
2023-01-01 11:00:00,M3,82.5138712337179,0.6854092566334189,25.742967828698433,0
2023-01-01 12:00:00,M1,58.305947188786284,0.6221033695525353,30.87605709454256,0
2023-01-01 13:00:00,M3,80.43360192379934,0.5582097703468616,44.926295013017054,0
2023-01-01 14:00:00,M2,68.37376241054153,0.4773515901150168,31.83740832737152,0
2023-01-01 15:00:00,M1,80.70598668593159,0.404056076327652,28.43235156913801,0
2023-01-01 16:00:00,M2,67.36740843457483,0.4627793223928947,34.60900750988626,1
2023-01-01 17:00:00,M2,56.95117899335481,0.6088748619704186,32.41343943604606,0
2023-01-01 18:00:00,M2,58.72457562116837,0.6884586305934609,32.100472452259204,0
2023-01-01 19:00:00,M2,75.48084946661382,0.6543243528272189,33.034252966078355,0
2023-01-01 20:00:00,M1,77.59722501721483,0.45111505782137257,40.28271782414771,0
2023-01-01 21:00:00,M1,65.95683374895592,0.38803825667109887,24.34555782337042,0
2023-01-01 22:00:00,M2,81.38592458777374,0.5140886246911204,32.36816038405727,0
2023-01-01 23:00:00,M2,58.3847993773104,0.32315606344371484,25.368094350092306,0
2023-01-02 00:00:00,M1,74.33920201352683,0.5323167714184781,32.77756323171124,0
2023-01-02 01:00:00,M1,62.889838002375434,0.48523974137013315,25.40656744256953,1
2023-01-02 02:00:00,M1,68.4816389219784,0.4533963498131758,27.91316593197458,0
2023-01-02 03:00:00,M3,75.47398671316414,0.34052969327332044,28.524550428810468,0
2023-01-02 04:00:00,M3,66.39586634716048,0.5513600106569716,34.87908359672355,0
2023-01-02 05:00:00,M3,71.15444455770175,0.44672991603380885,34.59227221971207,0
2023-01-02 06:00:00,M2,85.0629280921444,0.3830083164289712,23.771413117768077,0
2023-01-02 07:00:00,M3,69.23108130476851,0.21277377867183506,30.274670554999243,0
2023-01-02 08:00:00,M2,83.35692112065142,0.4972485094949364,26.452100726254137,0
2023-01-02 09:00:00,M2,63.702931453423815,0.6772251596669744,23.707475446623327,0
2023-01-02 10:00:00,M3,80.29804177915283,0.666125921454787,28.914914747878147,0
2023-01-02 11:00:00,M2,89.41568620657901,0.4542903743413728,28.457586057720903,0
2023-01-02 12:00:00,M3,50.283554998727105,0.4397787939638219,42.13358243172761,0
2023-01-02 13:00:00,M3,67.03104744529523,0.5468774256075024,32.16479912680348,0
2023-01-02 14:00:00,M1,80.7707212718054,0.4001614560811708,23.111912496228815,0
2023-01-02 15:00:00,M3,72.96954613957007,0.5301791899819466,27.176129979145287,0
2023-01-02 16:00:00,M1,78.71145873371309,0.5766080278384691,35.106916477146996,0
2023-01-02 17:00:00,M3,68.9601481328418,0.6226933223884308,40.442213864349625,0
2023-01-02 18:00:00,M3,75.865897874729,0.4899845923520047,22.070083438810208,0
2023-01-02 19:00:00,M1,73.44322764607921,0.4796326249823034,20.600378074304775,0
2023-01-02 20:00:00,M1,86.67782061659807,0.4122017413243439,39.35482587685891,0
2023-01-02 21:00:00,M3,77.54420843301213,0.417311964596014,31.94807088685452,0
2023-01-02 22:00:00,M2,78.37602662075201,0.4773521108098473,25.65853634061817,0
2023-01-02 23:00:00,M1,70.88123033877532,0.5367365506816179,32.67314543061217,0
2023-01-03 00:00:00,M2,70.12393775927507,0.5913584626233249,16.82126130491561,0
2023-01-03 01:00:00,M2,70.6744181218038,0.4196821049319655,30.016877532985806,0
2023-01-03 02:00:00,M2,78.94452142378297,0.6492688568959522,31.639105864215427,0
2023-01-03 03:00:00,M1,70.79015519179737,0.4728876398957431,34.62135069768915,0
2023-01-03 04:00:00,M2,77.89774856896413,0.4978632705651564,24.930520238537312,0
2023-01-03 05:00:00,M1,95.75400798645438,0.42527883208521766,30.428435807016797,0
2023-01-03 06:00:00,M2,83.71124703431693,0.2575759739727058,25.37287686970206,0
2023-01-03 07:00:00,M3,71.73976467832159,0.588404539636105,31.276918778371584,0
2023-01-03 08:00:00,M3,87.01213922163944,0.5736843897092433,25.52326838818488,0
2023-01-03 09:00:00,M1,70.91924626978448,0.47186724428817867,27.959495804198898,0
2023-01-03 10:00:00,M3,54.61875464822146,0.5066990717224872,25.020923026048855,0
2023-01-03 11:00:00,M3,64.91913689082595,0.55159392177041,33.255681209118286,0
2023-01-03 12:00:00,M2,56.29208078974145,0.34374541431134575,34.29225558328333,0
2023-01-03 13:00:00,M1,71.48486515958692,0.4470947322653705,28.826897150212933,0
2023-01-03 14:00:00,M2,75.18418379189552,0.5794264679621828,30.191189974800142,0
2023-01-03 15:00:00,M2,91.76437312275283,0.3745710576830751,22.75704292683228,0
2023-01-03 16:00:00,M2,78.26927373764163,0.5293557932166629,28.501616759966065,0
2023-01-03 17:00:00,M2,72.80899471191135,0.3643418195376595,29.748976914791275,0
2023-01-03 18:00:00,M2,83.2940558118349,0.5466429982433526,43.103965455149876,0
2023-01-03 19:00:00,M2,52.88864690992115,0.4964358517702516,24.440164871129184,0
2023-01-03 20:00:00,M2,77.35614558108566,0.33848681840944905,37.320886193762185,0
2023-01-03 21:00:00,M1,82.70865193886966,0.6164739354457172,34.98429386732904,0
2023-01-03 22:00:00,M3,60.214137542201584,0.42654084232019507,31.403182022450682,0
2023-01-03 23:00:00,M2,86.43754043206928,0.4189747562985619,38.79310242097567,0
2023-01-04 00:00:00,M2,78.38496407494414,0.5200569197230943,31.860527363034315,0
2023-01-04 01:00:00,M2,70.84712086099199,0.6148637349428715,31.945795978339643,0
2023-01-04 02:00:00,M2,81.32781866106285,0.3984178181021603,29.734396734912274,0
2023-01-04 03:00:00,M2,97.70692857804396,0.5061679849847972,36.117844412093135,0
2023-01-04 04:00:00,M2,76.81866255058495,0.5428816500330573,35.482346169054416,0
2023-01-04 05:00:00,M3,77.48220586300336,0.5693105607263144,26.871613562518938,0
2023-01-04 06:00:00,M3,70.40639100459757,0.5176441555277225,23.40376402700616,0
2023-01-04 07:00:00,M2,66.50155630535208,0.46329721609166774,28.985096813021716,0
2023-01-04 08:00:00,M3,83.30335816544246,0.41724097793512804,25.999807178011768,0
2023-01-04 09:00:00,M1,66.43916174091133,0.5086143883046375,29.682377126923225,0
2023-01-04 10:00:00,M2,75.71566237219392,0.39278609880143933,36.187190673420695,0
2023-01-04 11:00:00,M1,70.22342553234883,0.20786495165053925,27.71349172456605,0
2023-01-04 12:00:00,M1,79.78979825746391,0.5436559804157668,29.785883093442127,0
2023-01-04 13:00:00,M2,78.33662105286949,0.5903934841086196,30.290113674041976,0
2023-01-04 14:00:00,M3,85.375399442579,0.26370675644581615,34.24215441102642,0
2023-01-04 15:00:00,M1,69.89983601145254,0.39902692952900626,18.765553330076976,0
2023-01-04 16:00:00,M2,72.30125064706628,0.5619154261005198,26.966498526173517,0
2023-01-04 17:00:00,M1,65.21236284217693,0.7057495469711699,31.056418461397364,0
2023-01-04 18:00:00,M1,70.55706739923889,0.5020793707675408,36.00039478213431,0
2023-01-04 19:00:00,M1,78.77300493044852,0.42719970587708656,27.540487762468974,0
2023-01-04 20:00:00,M1,82.56988616645351,0.481710355889516,20.61723646979063,0
2023-01-04 21:00:00,M3,65.77834675822375,0.6374876419148185,33.09855722983068,0
2023-01-04 22:00:00,M1,83.6960592010566,0.4354035820875465,26.823188055871853,0
2023-01-04 23:00:00,M1,88.55637858804951,0.42008079933497466,24.051666704548193,0
2023-01-05 00:00:00,M1,79.13434903223701,0.45172564778179675,26.87827305143388,0
2023-01-05 01:00:00,M3,93.76795812558066,0.4046671391741288,29.07737321172075,0
2023-01-05 02:00:00,M1,67.26210800896428,0.5122670315994795,26.976276677308938,0
2023-01-05 03:00:00,M1,62.55345296688583,0.6624678458469561,18.972169714504652,0
2023-01-05 04:00:00,M3,57.212797510957216,0.5323079273116029,34.48533098443566,0
2023-01-05 05:00:00,M3,89.96044311489183,0.47476464978737126,36.37437520639361,0
2023-01-05 06:00:00,M3,81.54365656354058,0.4708188731084456,33.25760995669753,0
2023-01-05 07:00:00,M1,74.44415329089544,0.3436809191303343,24.311571647875915,0
2023-01-05 08:00:00,M3,77.7996862631982,0.588310977714716,28.99254233026241,0
2023-01-05 09:00:00,M3,63.74510952701623,0.4922162802987198,29.96739342385271,0
2023-01-05 10:00:00,M1,99.45751979616827,0.48195200864093746,32.99397194780955,0
2023-01-05 11:00:00,M3,76.29221181975228,0.8193107567844862,33.34170244359041,0
2023-01-05 12:00:00,M1,76.09394794604893,0.5298752908365686,26.32913100610752,0
2023-01-05 13:00:00,M2,82.25766623898691,0.4248208949904816,30.409977782067802,0
2023-01-05 14:00:00,M3,79.81009231736714,0.4573642403794457,32.28640202307621,0
2023-01-05 15:00:00,M2,77.23884024279131,0.6148445709196755,37.279111610733835,0
2023-01-05 16:00:00,M1,67.09525544554688,0.5113270410537765,33.522532699123616,0
2023-01-05 17:00:00,M3,79.71468357135996,0.3561722021682633,33.945283436877595,1
2023-01-05 18:00:00,M1,93.82024496475034,0.5919228934575204,30.419133139646803,0
2023-01-05 19:00:00,M2,88.45420046154977,0.4331855914461006,37.05229572601752,0
2023-01-05 20:00:00,M1,90.93186626639397,0.6873297776217546,32.04881397979749,0
2023-01-05 21:00:00,M3,69.88784323568815,0.6080048065714648,25.694560449132148,0
2023-01-05 22:00:00,M3,65.1039517974142,0.4552678104341249,37.01684985062595,0
2023-01-05 23:00:00,M2,73.74213079900352,0.6281016361735113,33.48951636269514,0
2023-01-06 00:00:00,M1,75.55724912288694,0.5067855510527404,27.784779894357587,0
2023-01-06 01:00:00,M3,85.94191518470949,0.5852773675122219,27.602535163003783,0
2023-01-06 02:00:00,M2,58.07535370285181,0.5484732817294475,31.48287772570381,0
2023-01-06 03:00:00,M3,90.29550319460614,0.41536433450091265,32.31592397633792,0
2023-01-06 04:00:00,M3,73.4199210142101,0.4356450167682538,30.986461328156032,0
2023-01-06 05:00:00,M1,70.7311893005258,0.6029960817581161,31.556543367214424,0
2023-01-06 06:00:00,M3,64.87895624739832,0.4665224667893459,38.4997868728819,0
2023-01-06 07:00:00,M1,58.451433281342304,0.4596351536758003,35.35771576117443,0
2023-01-06 08:00:00,M3,83.23170583961914,0.4044877420650647,30.95317795632512,0
2023-01-06 09:00:00,M2,75.73317967188405,0.5423599065593461,34.70655290383742,0
2023-01-06 10:00:00,M3,62.10039100258946,0.7062524919243145,24.837380482362303,0
2023-01-06 11:00:00,M1,62.04921227936384,0.3932467085745727,31.989635249734043,0
2023-01-06 12:00:00,M1,71.64215300709871,0.5024219456672758,39.04653174866555,1
2023-01-06 13:00:00,M2,91.69021525289392,0.6412220555415429,28.90977052303813,0
2023-01-06 14:00:00,M3,72.40408648636395,0.4920358608754285,25.761830356904575,0
2023-01-06 15:00:00,M3,59.96857046881894,0.5452371796249734,26.7395555570347,0
2023-01-06 16:00:00,M2,72.54256935914056,0.393760647185312,24.55183481328806,0
2023-01-06 17:00:00,M3,72.2727643025233,0.5428307097207649,26.076190459361484,0
2023-01-06 18:00:00,M3,48.03113357058429,0.48128557349954515,28.147459507049856,0
2023-01-06 19:00:00,M1,74.45705133482188,0.5985729995679863,22.97216490410679,1
2023-01-06 20:00:00,M3,72.69065469791322,0.6187386051564752,30.078091669748016,0
2023-01-06 21:00:00,M3,81.96206364813418,0.7589563642018614,34.51138586893324,0
2023-01-06 22:00:00,M2,93.48956094945345,0.5579633173213576,25.4612190992654,0
2023-01-06 23:00:00,M2,86.26565029547757,0.5325796316582166,37.59641961820884,0
2023-01-07 00:00:00,M1,72.3111130944517,0.5194384301577336,32.55396044263797,0
2023-01-07 01:00:00,M3,63.934740912583294,0.4646833707189312,35.152902928120284,0
2023-01-07 02:00:00,M3,100.7335980324986,0.5338483843461691,26.710827230739316,0
2023-01-07 03:00:00,M3,75.59218434014488,0.47045985898609705,34.27262613533308,0
2023-01-07 04:00:00,M1,75.13929291912946,0.5168460976269614,24.540330498023437,0
2023-01-07 05:00:00,M1,74.75874912889996,0.631759753560796,34.451237504182544,0
2023-01-07 06:00:00,M2,76.98084760767856,0.3993457434720359,30.859196698967658,0
2023-01-07 07:00:00,M1,73.55639588076058,0.6139878561129045,32.76625609992392,0
2023-01-07 08:00:00,M3,69.26337993119763,0.6317115067339866,24.12202697187574,0
2023-01-07 09:00:00,M3,69.53141058759608,0.48819314730089214,25.524650788616977,0
2023-01-07 10:00:00,M1,74.67246729784002,0.2878145100991405,32.98614109126692,0
2023-01-07 11:00:00,M3,69.56575228866235,0.43921780129055676,25.258259978878996,0
2023-01-07 12:00:00,M3,67.87154217322836,0.629699454656111,32.316031460495616,0
2023-01-07 13:00:00,M1,76.06430227691897,0.4977131937701118,23.16431096769877,0
2023-01-07 14:00:00,M1,72.45022782579144,0.4000697767705089,34.240871063333344,0
2023-01-07 15:00:00,M3,90.0399298858269,0.44952250787717823,23.837383426157455,0
2023-01-07 16:00:00,M3,48.49030191606988,0.5840620026504553,32.76149968839761,0
2023-01-07 17:00:00,M3,85.91506851922462,0.554673356820138,33.12815466823,0
2023-01-07 18:00:00,M2,87.4608519249763,0.4761067900830306,26.516140907852126,1
2023-01-07 19:00:00,M2,54.2660976759185,0.46331755881853126,32.91013283542363,0
2023-01-07 20:00:00,M2,71.57312405919652,0.4608241850956178,31.30221131666778,0
2023-01-07 21:00:00,M1,71.28559134004209,0.4077589815501497,27.30579071903631,0
2023-01-07 22:00:00,M2,60.924883052821784,0.6615375689469442,24.95722657961896,0
2023-01-07 23:00:00,M1,67.22183312409125,0.467767953078866,20.186871541637103,0
2023-01-08 00:00:00,M1,63.894241545341714,0.6217158520825496,31.748250236498468,0
2023-01-08 01:00:00,M2,92.52270443423623,0.6521316051922451,22.175986143189725,0
2023-01-08 02:00:00,M2,84.35678393147461,0.599831089814796,30.47672099720654,0
2023-01-08 03:00:00,M2,87.71555094994159,0.45683796872819515,28.682758919588753,0
2023-01-08 04:00:00,M3,82.21672064043236,0.5403730090336609,33.39571387719098,0
2023-01-08 05:00:00,M2,63.70948228782771,0.4975804393609084,28.48977250255068,0
2023-01-08 06:00:00,M3,69.75479733720226,0.40962981392698716,28.35276106826454,0
2023-01-08 07:00:00,M1,79.89374561227918,0.5324359281721603,33.659353521441474,0
2023-01-08 08:00:00,M3,62.778721911080545,0.3820960208840197,31.675290145420586,0
2023-01-08 09:00:00,M2,82.12998430172388,0.6187679388461564,31.58077978591389,0
2023-01-08 10:00:00,M1,72.59674601841866,0.4535382702701607,32.346337949042635,0
2023-01-08 11:00:00,M1,71.25179192450402,0.5201159655872839,22.32213938396447,0
2023-01-08 12:00:00,M1,82.10959968203491,0.5283287871546142,33.78394339993491,0
2023-01-08 13:00:00,M3,79.4426331148604,0.4741095026295923,33.062343970068014,0
2023-01-08 14:00:00,M2,71.3903383418092,0.5586693801475274,24.916584357117515,0
2023-01-08 15:00:00,M1,86.59329803364248,0.45250963433774755,28.779597631628995,0
2023-01-08 16:00:00,M1,64.18936672400102,0.5871297297457244,29.803463561861843,0
2023-01-08 17:00:00,M1,81.15935606944264,0.36540203197532517,29.327516077991337,0
2023-01-08 18:00:00,M3,80.93101257968384,0.5126379579546412,31.669299832842672,0
2023-01-08 19:00:00,M3,71.9045356068601,0.6938928999058285,37.15683390915592,0
2023-01-08 20:00:00,M2,78.26133022242118,0.39996686753944255,35.40883363836414,0
2023-01-08 21:00:00,M3,62.488864236146966,0.43222550294751483,23.43890403284297,1
2023-01-08 22:00:00,M1,84.240270192069,0.5513907849658914,33.110349951530246,0
2023-01-08 23:00:00,M2,73.15097863557011,0.5179581781939598,36.644666597677045,0
2023-01-09 00:00:00,M1,69.7727697948096,0.5350630099273559,31.934042603446013,0
2023-01-09 01:00:00,M1,85.49009225836889,0.5489187130147664,35.454902125929834,0
2023-01-09 02:00:00,M3,67.9565630945724,0.563472146856177,40.06135222850382,0
2023-01-09 03:00:00,M2,60.91538703636441,0.6109699841956223,35.11854773053491,0
2023-01-09 04:00:00,M3,59.433708264760966,0.5409818656928512,31.246542978208645,0
2023-01-09 05:00:00,M3,81.0600995134564,0.47587423453814576,35.225442370423764,0
2023-01-09 06:00:00,M2,62.19570647503717,0.5672573701202731,30.724439165484455,0
2023-01-09 07:00:00,M1,92.54794181984364,0.6899881934895216,30.119515216424777,0
2023-01-09 08:00:00,M1,54.18070592116278,0.48673662536174267,28.242928821431338,0
2023-01-09 09:00:00,M2,91.96456368290038,0.40254706953293584,37.81706679416054,0
2023-01-09 10:00:00,M1,77.11017467202619,0.6107080669286973,25.907856670289995,0
2023-01-09 11:00:00,M2,74.03286888129608,0.48796188360464016,37.66183862339058,0
2023-01-09 12:00:00,M2,69.5508091319105,0.28273304539859634,32.49932061870186,0
2023-01-09 13:00:00,M3,78.9913611435207,0.5847421677150422,23.003469125990293,0
2023-01-09 14:00:00,M2,74.62365297575151,0.4464671814046077,31.83824646495711,0
2023-01-09 15:00:00,M3,86.03301882016521,0.4909466717695839,19.49986746174188,0
2023-01-09 16:00:00,M1,76.1422764866204,0.5331980330569015,33.12754008415518,0
2023-01-09 17:00:00,M1,76.50301761461877,0.5190499679779066,34.42615741494495,0
2023-01-09 18:00:00,M1,71.36387787786144,0.570945181713904,27.03822022173973,0
2023-01-09 19:00:00,M1,74.43054376278933,0.4564513629430157,30.617738479777913,0
2023-01-09 20:00:00,M3,78.0780176889206,0.5513105798176082,39.77078716875143,0
2023-01-09 21:00:00,M1,57.89831607343375,0.4740453322416083,27.471266478690318,0
2023-01-09 22:00:00,M2,61.518145778942866,0.5738810480887503,24.705462064716997,0
2023-01-09 23:00:00,M2,82.43264094022715,0.5615367484013053,37.40831701231299,0
2023-01-10 00:00:00,M2,76.70865438127942,0.40645612979554047,39.81293595265397,0
2023-01-10 01:00:00,M3,73.1601666364732,0.6085982116175033,30.018478359239236,0
2023-01-10 02:00:00,M1,75.18433933065393,0.4464036554885952,35.05731517704178,0
2023-01-10 03:00:00,M1,78.47581705361671,0.5808057798281145,36.70737957765441,0
2023-01-10 04:00:00,M1,69.60240319690638,0.5367287313401341,26.28757883730808,0
2023-01-10 05:00:00,M3,67.21695274597687,0.6838183676795122,27.57347082316066,0
2023-01-10 06:00:00,M2,76.95845255097682,0.4776534017628148,36.15437256577368,0
2023-01-10 07:00:00,M2,65.21627222384969,0.46506832038818025,38.425071393542545,0
2023-01-10 08:00:00,M1,79.08252755714472,0.4980580394112267,32.81440430087177,0
2023-01-10 09:00:00,M2,57.9741639576216,0.4696820217165725,25.60092823248973,0
2023-01-10 10:00:00,M2,85.29155637325644,0.579994190194205,39.935305558497205,0
2023-01-10 11:00:00,M3,79.72597482413043,0.3383689391563412,27.345145510940178,0
2023-01-10 12:00:00,M3,77.56029734313876,0.3946317580853646,28.32431109414274,0
2023-01-10 13:00:00,M3,84.82690983945514,0.3932197078420807,31.711689172448107,0
2023-01-10 14:00:00,M3,91.65474444462576,0.5950307591973576,37.77080210357387,0
2023-01-10 15:00:00,M1,85.1437006501813,0.6710613372581925,34.26987988276112,1
2023-01-10 16:00:00,M3,56.59125768668355,0.4895550781462529,32.07432750180955,0
2023-01-10 17:00:00,M2,62.204230332642986,0.4831178276809989,32.31644265059053,0
2023-01-10 18:00:00,M1,68.75181422304321,0.5070052163113181,30.21757334321733,0
2023-01-10 19:00:00,M2,75.26091050210833,0.616187830260819,32.790697572592535,0
2023-01-10 20:00:00,M2,80.17659020469122,0.4072646865809426,17.352199611528484,0
2023-01-10 21:00:00,M2,67.74256186846534,0.5238368982734785,28.516962704651007,0
2023-01-10 22:00:00,M3,76.86766764477078,0.5975197629782429,31.206609674583905,0
2023-01-10 23:00:00,M3,67.44617067646678,0.5501094169939845,24.244929581902465,0
2023-01-11 00:00:00,M1,68.88482197008052,0.5189581616598743,31.9316165890578,0
2023-01-11 01:00:00,M1,60.93338903151778,0.6001046092567142,28.97764389506939,0
2023-01-11 02:00:00,M3,65.76766753889096,0.22967677070007625,38.77737849157745,0
2023-01-11 03:00:00,M2,61.48315394383666,0.5677875319530907,37.865098626074285,1
2023-01-11 04:00:00,M1,65.24126747022667,0.4345924316872576,27.670972154409185,0
2023-01-11 05:00:00,M3,85.5364179660784,0.31693671031435433,29.245811442166524,0
2023-01-11 06:00:00,M3,65.50601111168056,0.551120259952498,29.630262171958037,0
2023-01-11 07:00:00,M3,101.32382064837391,0.6373658545162958,27.741702619201888,0
2023-01-11 08:00:00,M2,79.93317900880889,0.48625514853723084,30.975124920140633,0
2023-01-11 09:00:00,M3,76.84836123694873,0.5952874547202939,26.20858965556205,0
2023-01-11 10:00:00,M3,66.41642219818786,0.6612278257988645,24.346923325312368,0
2023-01-11 11:00:00,M3,82.00309879408991,0.6314914453584047,33.11355611950134,0
2023-01-11 12:00:00,M3,69.24362173762226,0.6639964529371393,33.147647921109055,0
2023-01-11 13:00:00,M1,76.22009814645361,0.5742127491071892,25.978421201700037,1
2023-01-11 14:00:00,M1,100.60084538268795,0.5075433638901593,34.476777153812996,0
2023-01-11 15:00:00,M3,74.03940100275351,0.33980341881028314,26.842111354173344,0
2023-01-11 16:00:00,M2,86.49273326285676,0.47539375118700516,31.265826190189905,0
2023-01-11 17:00:00,M1,67.96823574874112,0.41567534046838084,34.10172006306228,0
2023-01-11 18:00:00,M3,74.65011509503039,0.7170942717497814,29.831937176481436,0
2023-01-11 19:00:00,M1,92.7080063563551,0.48241141875676635,32.273704560705674,0
2023-01-11 20:00:00,M1,68.73032942212232,0.5123204806784486,27.417851780562142,0
2023-01-11 21:00:00,M2,93.12448557996929,0.5551485376040468,29.017667082859514,0
2023-01-11 22:00:00,M3,82.07751935455475,0.5043602446372454,28.970702845598296,0
2023-01-11 23:00:00,M3,69.37533224105732,0.6695051040430753,26.267108267298806,0
2023-01-12 00:00:00,M2,81.3240773905552,0.4377350638265548,29.11612918442109,0
2023-01-12 01:00:00,M2,84.7255444962673,0.5194607455237242,22.256908505681267,0
2023-01-12 02:00:00,M3,81.21809962217196,0.42575294143019515,27.544231264289476,0
2023-01-12 03:00:00,M3,59.297752801095434,0.3679977488779294,28.575622533151645,0
2023-01-12 04:00:00,M2,67.72862824175131,0.43882309090947147,28.7191012375231,0
2023-01-12 05:00:00,M1,72.52481364448495,0.4962963202951588,28.792512770646105,0
2023-01-12 06:00:00,M1,74.25566570899954,0.457069777548274,29.691179000699357,0
2023-01-12 07:00:00,M2,81.20672097550678,0.4307579020126144,32.39720759043032,1
2023-01-12 08:00:00,M1,76.77701000933254,0.3593682536328166,34.37258537066261,0
2023-01-12 09:00:00,M2,61.64655641289899,0.4916894427371305,26.751173865758666,0
2023-01-12 10:00:00,M1,78.80197851005963,0.3495279625968998,23.983995723054278,0
2023-01-12 11:00:00,M1,81.10585745283824,0.5760055963689603,24.789777938784486,0
2023-01-12 12:00:00,M3,80.5979044793104,0.5082439752934503,27.563985394025366,0
2023-01-12 13:00:00,M3,85.80780725554622,0.3542448500535069,28.240393410917456,0
2023-01-12 14:00:00,M1,83.33922154548904,0.46907909229501366,26.150019669012714,0
2023-01-12 15:00:00,M1,79.59180079228437,0.4247843594409417,23.519416678750527,0
2023-01-12 16:00:00,M3,74.29834288541353,0.531917451041918,27.71939586262906,0
2023-01-12 17:00:00,M3,58.39039066484008,0.6340450446023145,30.907133100569858,0
2023-01-12 18:00:00,M3,79.29618219132585,0.3124827530354255,32.97514732917782,0
2023-01-12 19:00:00,M2,77.07687687163111,0.5115026079147417,27.212884734458395,0
2023-01-12 20:00:00,M1,77.71578837195374,0.48398672044333596,27.93501088928283,0
2023-01-12 21:00:00,M3,62.232514241796906,0.5671340076450466,25.366508455763444,0
2023-01-12 22:00:00,M1,64.18943459591738,0.521319662823769,29.842804148126117,0
2023-01-12 23:00:00,M2,85.53152853332904,0.42480306682611807,25.757856829045927,0
2023-01-13 00:00:00,M2,74.60444846143345,0.46809460643333817,32.865639066206,0
2023-01-13 01:00:00,M3,81.81500697372624,0.4203974143196511,21.070667540329445,0
2023-01-13 02:00:00,M2,75.28318376130461,0.6076007138598598,28.20185163773769,0
2023-01-13 03:00:00,M1,75.29756139495746,0.5021311648671942,31.50553669595871,0
2023-01-13 04:00:00,M3,84.38283805975998,0.6901190685753007,30.91917258161252,0
2023-01-13 05:00:00,M1,69.83955271782627,0.4939339186185379,43.46516831990248,0
2023-01-13 06:00:00,M1,75.96120776940984,0.42915932330895373,31.749000122839536,0
2023-01-13 07:00:00,M2,70.37724711294958,0.3486285607387173,24.979727015789948,0
2023-01-13 08:00:00,M2,70.65503772567685,0.3196860323744055,29.522678764554634,0
2023-01-13 09:00:00,M2,71.90827876531361,0.341586405699451,21.11876833266774,1
2023-01-13 10:00:00,M2,77.22133771633713,0.5267126651011483,29.597001253516197,0
2023-01-13 11:00:00,M2,70.21251378336522,0.5508725023229933,25.834719714996208,0
2023-01-13 12:00:00,M3,87.55756125573521,0.34188092979678664,34.57695137780081,0
2023-01-13 13:00:00,M1,66.05392697780496,0.5895038314076115,27.252298627022327,0
2023-01-13 14:00:00,M1,73.13128355838641,0.45169389483165606,29.416170421023768,0
2023-01-13 15:00:00,M1,70.60268941725825,0.514679301198555,26.822210792977984,0
2023-01-13 16:00:00,M1,89.46977884353733,0.6612220628255424,38.69425675926666,0
2023-01-13 17:00:00,M2,76.96554776511574,0.5896839315865532,28.39378616941044,0
2023-01-13 18:00:00,M1,85.31844539468635,0.47314693520941675,39.16278521739601,0
2023-01-13 19:00:00,M3,60.14439626963028,0.41088077745847124,34.07075881059133,0
2023-01-13 20:00:00,M3,77.67050265869258,0.2848184598670695,32.41033363667693,0
2023-01-13 21:00:00,M1,83.89630795623437,0.42808466807575796,31.8436657365876,0
2023-01-13 22:00:00,M1,75.82283989275425,0.4788869761172306,31.968986491081257,0
2023-01-13 23:00:00,M3,85.65480375065351,0.4012820472848816,20.36163710327195,0
2023-01-14 00:00:00,M3,69.82711549899628,0.48687430329076953,28.60558302924622,0
2023-01-14 01:00:00,M2,89.0934744018558,0.5076851882958768,34.225789855921604,1
2023-01-14 02:00:00,M3,97.9889812361925,0.47751440181919214,29.75551408262947,0
2023-01-14 03:00:00,M2,71.37161439560342,0.434999741917654,22.974050765982124,1
2023-01-14 04:00:00,M2,70.54497478599228,0.5168654671966728,29.73797774711265,0
2023-01-14 05:00:00,M2,89.533844771177,0.5441940649569409,38.520527581277456,0
2023-01-14 06:00:00,M2,90.79572145730712,0.3909600922557154,36.2344585776736,0
2023-01-14 07:00:00,M2,69.77139972846732,0.641093237974627,29.689979953169843,1
2023-01-14 08:00:00,M1,70.79813182904142,0.4901411867715738,34.75724638529043,0
2023-01-14 09:00:00,M3,72.18215391139493,0.5018849622944848,28.16746489815974,0
2023-01-14 10:00:00,M2,61.555494889657226,0.5708214423256557,21.480642065866405,0
2023-01-14 11:00:00,M3,65.81348053515802,0.5233216131263502,25.377670059352226,0
2023-01-14 12:00:00,M3,64.95859233247933,0.5953136633913245,37.81444384254099,0
2023-01-14 13:00:00,M2,67.32202434895872,0.5287124165201824,28.63003459085348,0
2023-01-14 14:00:00,M1,74.65315112613219,0.43875626253595623,28.78308010312491,0
2023-01-14 15:00:00,M2,77.3421473253652,0.5361503525206102,28.500809018625596,0
2023-01-14 16:00:00,M1,90.50500492814076,0.38562737926793383,39.52068294786503,0
2023-01-14 17:00:00,M3,65.0164595926121,0.5108559705776523,38.12979457681031,0
2023-01-14 18:00:00,M1,84.84322398476584,0.49667700093555395,41.09390116724067,0
2023-01-14 19:00:00,M1,72.86011155774491,0.47918831427274605,29.204773947999744,0
2023-01-14 20:00:00,M1,74.50536290347567,0.4871462488561069,31.478122443735476,0
2023-01-14 21:00:00,M3,81.74819492166604,0.3118150954502361,22.416787252896043,0
2023-01-14 22:00:00,M3,63.772779784377015,0.44512750922590383,37.38467213059137,0
2023-01-14 23:00:00,M1,78.82409746184051,0.5092844901141115,24.161102243660324,0
2023-01-15 00:00:00,M1,76.66452208213056,0.51598563919974,31.083877818813146,0
2023-01-15 01:00:00,M2,79.92451264008149,0.3972324859074042,24.51348736183578,0
2023-01-15 02:00:00,M1,77.89168643907819,0.62657078408647,27.05566586630652,0
2023-01-15 03:00:00,M2,99.55300139910895,0.4133825151785499,25.8136878447515,0
2023-01-15 04:00:00,M1,68.62260015748684,0.5969457200526737,26.96062369662091,0
2023-01-15 05:00:00,M2,69.69003044998182,0.5427194361871684,27.304386484255108,0
2023-01-15 06:00:00,M3,68.76859473575236,0.4353772690156197,27.258656025374613,0
2023-01-15 07:00:00,M1,69.44522880839746,0.6775310892609512,34.16666955890153,0
2023-01-15 08:00:00,M1,68.62612872693482,0.380636316824352,24.4756860346874,0
2023-01-15 09:00:00,M1,86.89016531107552,0.5919154173610002,31.102707135069334,1
2023-01-15 10:00:00,M1,89.20504247989855,0.6000582318042978,36.089795761527796,0
2023-01-15 11:00:00,M2,69.29253706250523,0.4329379790923355,27.43401817743302,0
2023-01-15 12:00:00,M1,66.67644426895771,0.639246530006433,26.41040554626199,0
2023-01-15 13:00:00,M3,79.71415556386404,0.4749953485401047,28.847376874098746,0
2023-01-15 14:00:00,M3,69.47776955719029,0.5288693629279857,35.89862604180355,0
2023-01-15 15:00:00,M1,81.32931817755511,0.526032183877122,30.97053815476679,0
2023-01-15 16:00:00,M3,77.029230208513,0.4865691258529452,27.343928526962006,0
2023-01-15 17:00:00,M1,59.84255885002768,0.5810808273159782,32.4193832559402,0
2023-01-15 18:00:00,M1,90.47505201330061,0.5793488720552213,24.488539250817883,0
2023-01-15 19:00:00,M3,92.95877673095522,0.3251468026761819,33.40679755221474,0
2023-01-15 20:00:00,M1,68.87211309515614,0.6304340242878153,32.04303653850884,0
2023-01-15 21:00:00,M3,71.12298440064016,0.3337508011964325,28.46095764430558,0
2023-01-15 22:00:00,M2,77.85865390724905,0.6032546204341658,25.807071007763845,0
2023-01-15 23:00:00,M1,78.34456789987026,0.6126705136827584,25.566595388582712,0
2023-01-16 00:00:00,M2,81.5854427267283,0.39090335697848017,32.67408668172955,0
2023-01-16 01:00:00,M3,95.1020453876635,0.4589185712045415,36.14490251244531,1
2023-01-16 02:00:00,M2,73.2305277250595,0.38942953315140644,26.813461264856027,0
2023-01-16 03:00:00,M2,67.01702755461547,0.47850789697112645,32.29193351775742,0
2023-01-16 04:00:00,M3,61.20680771985473,0.46919657158142586,19.564864906989655,0
2023-01-16 05:00:00,M2,67.69069960058081,0.577966053226934,27.076911346714002,0
2023-01-16 06:00:00,M2,74.66873027126204,0.6310308746119608,29.84470533564549,0
2023-01-16 07:00:00,M3,92.94557863517788,0.6395683810789956,25.45158291509083,0
2023-01-16 08:00:00,M2,69.82388700963828,0.44378319734216976,25.31746812605202,0
2023-01-16 09:00:00,M3,77.23787951638899,0.4790778126255472,26.661102217655568,0
2023-01-16 10:00:00,M2,74.83577103927247,0.33165618077790493,31.460963641631867,0
2023-01-16 11:00:00,M3,86.88393273448084,0.4194129933503811,29.063354907968126,0
2023-01-16 12:00:00,M3,100.26932425873622,0.5964851633097458,18.80884383337514,0
2023-01-16 13:00:00,M2,69.6913122707968,0.6615582823548232,19.396499236824667,0
2023-01-16 14:00:00,M2,70.10560557481777,0.3765651128120078,26.965674110714122,0
2023-01-16 15:00:00,M2,85.44160877069072,0.44075357408471055,32.28843293026776,0
2023-01-16 16:00:00,M1,81.81891489626311,0.4973594243041073,16.262475786373827,0
2023-01-16 17:00:00,M1,93.46707325736034,0.5280161158819607,27.501349119241848,0
2023-01-16 18:00:00,M1,80.83928185325964,0.4190396480078354,27.368760717412894,0
2023-01-16 19:00:00,M3,71.40707909212941,0.542406104446409,36.94168889104224,0
2023-01-16 20:00:00,M2,80.9065483069231,0.4526160652929084,28.074890941435683,0
2023-01-16 21:00:00,M3,86.08703580582907,0.4985547729121721,31.914944923704642,0
2023-01-16 22:00:00,M1,83.20482181197364,0.55462842480037,30.706285700437316,0
2023-01-16 23:00:00,M2,80.07274031107298,0.5006422269810937,19.347167600964,0
2023-01-17 00:00:00,M3,85.66674689589154,0.4563614109473431,33.841036083158684,0
2023-01-17 01:00:00,M2,86.69295590445672,0.4890390196074169,31.07698252728144,0
2023-01-17 02:00:00,M3,88.82158991037527,0.49116370407946647,32.54134319837295,0
2023-01-17 03:00:00,M2,81.48709887589642,0.4629988970117872,49.63118853218163,0
2023-01-17 04:00:00,M1,73.32881919683146,0.47412039373328974,19.579435302507058,0
2023-01-17 05:00:00,M1,76.46713686433323,0.6598647170504717,38.62348324880554,0
2023-01-17 06:00:00,M2,87.06508966508358,0.5560919447941238,28.56276240299822,0
2023-01-17 07:00:00,M3,66.83064329012764,0.47045196819708396,31.436644522015047,0
2023-01-17 08:00:00,M1,78.68673308872901,0.5696954404510736,29.77243877349379,0
2023-01-17 09:00:00,M1,71.0666118767264,0.466618051024399,27.878818333009782,0
2023-01-17 10:00:00,M1,75.28744822934817,0.6173124637586641,27.150835358806205,1
2023-01-17 11:00:00,M2,87.78451862607298,0.5369642192198094,31.647543677865045,1
2023-01-17 12:00:00,M2,76.91099068019903,0.4892697855995771,22.414131516641604,0
2023-01-17 13:00:00,M3,75.46436548156149,0.5447716925810278,33.752895837608826,0
2023-01-17 14:00:00,M3,61.40143859020081,0.34291238479315006,27.91902797557373,0
2023-01-17 15:00:00,M3,82.46253566027221,0.3873232531090195,24.34965330479821,0
2023-01-17 16:00:00,M2,81.45484181141076,0.38060749936009447,27.74993571002093,0
2023-01-17 17:00:00,M2,96.6325472330546,0.5142943094763707,36.28574608431286,0
2023-01-17 18:00:00,M3,71.92221765046999,0.6732514999485092,27.323324564918885,0
2023-01-17 19:00:00,M3,77.1915032766394,0.7231300146192632,31.7922680910481,0
2023-01-17 20:00:00,M2,77.49383683710755,0.5638051101440757,26.34521862142263,1
2023-01-17 21:00:00,M3,90.77453279763475,0.5500844474944457,33.789609249618096,0
2023-01-17 22:00:00,M1,74.04704467613048,0.3198942265847261,33.42753869395102,0
2023-01-17 23:00:00,M2,77.7902152577034,0.4457326200265978,39.24304416648206,0
2023-01-18 00:00:00,M3,81.0789650971654,0.42122162480917613,29.122180272503922,0
2023-01-18 01:00:00,M2,76.86609123156359,0.43791524017488836,33.34327402378953,0
2023-01-18 02:00:00,M1,70.53566385449471,0.48318561814152106,30.490337697694724,0
2023-01-18 03:00:00,M2,76.94089992898307,0.45279094223028726,36.479358909315074,0
2023-01-18 04:00:00,M2,85.73631749859771,0.30207001896242125,26.40583806195635,0
2023-01-18 05:00:00,M2,64.73484700588939,0.5747910256117534,33.725026564386404,0
2023-01-18 06:00:00,M2,76.32969674146877,0.39272569742601937,29.026513519416593,0
2023-01-18 07:00:00,M1,67.99879185060827,0.523924686411115,29.679059114457512,0
2023-01-18 08:00:00,M2,86.95046628924842,0.7074082669749974,30.458762422241865,0
2023-01-18 09:00:00,M2,59.76813095216225,0.40806154084135765,31.261201982133386,0
2023-01-18 10:00:00,M3,69.41078152728412,0.246971247725367,29.41885478439021,0
2023-01-18 11:00:00,M2,78.7721187506452,0.47139957781198893,31.073565915852633,0
2023-01-18 12:00:00,M3,90.65524029234341,0.6100959634998571,37.89059028781092,0
2023-01-18 13:00:00,M1,74.34249738927012,0.6958347454220594,34.92724842807609,0
2023-01-18 14:00:00,M1,69.44800473306802,0.3770450405547583,34.34577296248448,0
2023-01-18 15:00:00,M1,93.8115706944059,0.5496699223236522,27.722302369880648,0
2023-01-18 16:00:00,M1,60.51986099583756,0.45346895432199463,25.55379585885838,0
2023-01-18 17:00:00,M3,53.01194043379918,0.48940516456958644,34.77650279118876,0
2023-01-18 18:00:00,M2,79.40014450053333,0.7644343347017035,34.38023396264897,0
2023-01-18 19:00:00,M1,69.97945775647389,0.34970296716048466,37.36335337875491,0
2023-01-18 20:00:00,M2,64.78767182869287,0.5253739661494573,26.98009687015385,0
2023-01-18 21:00:00,M3,82.08356447299353,0.5467693171765433,28.852256723198266,0
2023-01-18 22:00:00,M3,77.43800713771199,0.6085786324939347,21.802579187372828,0
2023-01-18 23:00:00,M3,69.35921369263272,0.5097983153470895,28.037644469695636,0
2023-01-19 00:00:00,M1,62.19695601329106,0.5308050539504102,34.982852552897235,0
2023-01-19 01:00:00,M2,83.72457328280144,0.4608351432578209,27.66752310385901,0
2023-01-19 02:00:00,M2,81.50201177958661,0.5269126941245107,33.20239897600412,0
2023-01-19 03:00:00,M2,74.00824136220618,0.46568077245025896,29.047484470010943,0
2023-01-19 04:00:00,M3,93.46636996047665,0.5621571889856051,31.620285141107804,0
2023-01-19 05:00:00,M1,64.29915233673847,0.4630389663956366,24.261543050921663,0
2023-01-19 06:00:00,M3,59.74474829075261,0.5377100393902187,30.426047248169507,0
2023-01-19 07:00:00,M3,68.08091930118755,0.4970737186315022,15.044320145496384,0
2023-01-19 08:00:00,M2,74.54413983644503,0.6126050250772168,29.065519209190075,0
2023-01-19 09:00:00,M3,77.43339449322691,0.49486062764115135,21.8476337814243,0
2023-01-19 10:00:00,M2,72.5876394214367,0.32269675317931185,36.02997258273408,0
2023-01-19 11:00:00,M1,78.52055396514297,0.6261921500713992,33.88703676382256,0
2023-01-19 12:00:00,M2,62.48460575809556,0.4094267699137381,32.333354909830405,0
2023-01-19 13:00:00,M1,89.4376460407326,0.434623366135118,37.6050311357969,0
2023-01-19 14:00:00,M2,74.17848821607431,0.44043387059565076,25.255417395875813,0
2023-01-19 15:00:00,M3,86.17295831588127,0.6374438093170818,38.73681598957779,0
2023-01-19 16:00:00,M3,78.42725346377703,0.28643257860213045,34.66095782130192,0
2023-01-19 17:00:00,M1,79.56753219153784,0.8137748533659994,28.81722356390527,0
2023-01-19 18:00:00,M1,80.69767280232205,0.6056056809066052,35.67810073591472,0
2023-01-19 19:00:00,M1,79.47708560017315,0.522323891412916,24.46853243794183,0
2023-01-19 20:00:00,M2,81.42722759867544,0.4945105999383714,25.87742919236163,0
2023-01-19 21:00:00,M2,88.29152530132431,0.5285554074857657,26.9570513838015,0
2023-01-19 22:00:00,M1,76.9652116970147,0.5521122428379338,27.355111459679925,0
2023-01-19 23:00:00,M3,82.09003757588512,0.5645215585950057,24.717211786198735,0
2023-01-20 00:00:00,M2,74.10264305712774,0.5555604466003449,36.11541533547663,0
2023-01-20 01:00:00,M2,89.40117215449473,0.5089580681255249,28.70572799815084,0
2023-01-20 02:00:00,M2,68.2360769794073,0.4802661579692674,31.762524841784398,0
2023-01-20 03:00:00,M1,93.00940432910815,0.4848726716346488,27.148243167931597,0
2023-01-20 04:00:00,M1,74.59842049355656,0.4805091719647319,20.896983497257416,1
2023-01-20 05:00:00,M1,60.69224897881952,0.6133770096867065,31.35028679195711,0
2023-01-20 06:00:00,M1,76.2810441491079,0.5593556722280861,20.438725122901115,0
2023-01-20 07:00:00,M1,68.1894834252512,0.20596113653357195,29.656829769572656,0
2023-01-20 08:00:00,M3,83.40643548988724,0.5655900776529761,23.15842480583595,0
2023-01-20 09:00:00,M3,68.4737602069761,0.5194736194718775,39.93637999615404,0
2023-01-20 10:00:00,M1,70.5381656678522,0.49812912435541024,34.55681361087361,0
2023-01-20 11:00:00,M2,56.10459269054469,0.4611481546911114,30.528768956357403,0
2023-01-20 12:00:00,M1,70.47693680750923,0.6124112719986013,36.318533388273345,0
2023-01-20 13:00:00,M3,50.76120673371044,0.5947526462122859,25.768420112671322,0
2023-01-20 14:00:00,M3,59.16097176514277,0.42271223321763907,32.71739689335047,0
2023-01-20 15:00:00,M2,82.60414656144297,0.5407052287124535,30.99905216859357,0
2023-01-20 16:00:00,M3,82.85800158650832,0.40283432654587137,31.32010040666835,0
2023-01-20 17:00:00,M1,79.25457561784965,0.36203818352110695,36.36176750053384,0
2023-01-20 18:00:00,M2,65.33023856870787,0.43732827754100345,33.66246051389901,1
2023-01-20 19:00:00,M1,74.5228864385802,0.5862393472382759,31.443618314125118,0
2023-01-20 20:00:00,M1,74.96397460909432,0.5953125045376086,21.72556281885852,0
2023-01-20 21:00:00,M2,63.416353108074574,0.5513085420097293,25.199768523602682,0
2023-01-20 22:00:00,M1,90.0339830176715,0.5725095786847997,29.38645533202138,0
2023-01-20 23:00:00,M3,83.77362290575671,0.5516178287114959,30.466861871383255,0
2023-01-21 00:00:00,M1,72.79035826170336,0.43585184047770476,24.34898137663038,0
2023-01-21 01:00:00,M2,75.26885838994531,0.543192254467394,42.058383377892106,0
2023-01-21 02:00:00,M2,77.08382807947552,0.5800409525227682,37.58197027626787,0
2023-01-21 03:00:00,M2,54.58265131575709,0.5754291329813574,33.01059160196242,0
2023-01-21 04:00:00,M1,72.52822617479403,0.6188913371474642,30.360184306418724,0
2023-01-21 05:00:00,M2,68.18015752002202,0.5708303847201064,28.93895515049424,0
2023-01-21 06:00:00,M2,64.98379990105084,0.5351448207541583,25.24040769988882,1
2023-01-21 07:00:00,M1,72.18899707114045,0.6070150238316427,30.387402592594313,0
2023-01-21 08:00:00,M3,92.97686526849523,0.497347874075094,31.288762700713754,0
2023-01-21 09:00:00,M1,81.4084286126701,0.41181253487722824,23.79119712259188,0
2023-01-21 10:00:00,M2,69.28821010217203,0.4836933036056236,31.670882086224488,0
2023-01-21 11:00:00,M2,80.72582781356158,0.4255097355193551,29.223704755876255,0
2023-01-21 12:00:00,M1,88.99355436586002,0.4324821725025618,20.460962210613047,0
2023-01-21 13:00:00,M3,84.24633682912769,0.48554813292844823,25.69807494610249,0
2023-01-21 14:00:00,M2,75.59630369920174,0.42075800790000384,27.931972332891778,0
2023-01-21 15:00:00,M2,68.53063222294426,0.46920384703609597,39.43843828670095,0
2023-01-21 16:00:00,M2,81.9822331361359,0.31063853330462143,32.78276562266879,0
2023-01-21 17:00:00,M1,78.9348538542175,0.5213293707372939,23.322592154500544,0
2023-01-21 18:00:00,M2,83.95193220027733,0.5001205475362224,32.43018144708819,0
2023-01-21 19:00:00,M3,81.35171801681969,0.4182911368931809,22.26348005530817,0
2023-01-21 20:00:00,M2,85.49552715319335,0.5659245668432406,35.41345526943537,0
2023-01-21 21:00:00,M2,69.64764788439432,0.5937570137626559,27.64437674091061,0
2023-01-21 22:00:00,M3,88.17394065634326,0.3392440135631026,29.531819056304144,0
2023-01-21 23:00:00,M2,76.975996046924,0.42372752214337855,36.62898323771095,0
2023-01-22 00:00:00,M1,95.75260872625265,0.42308576502127015,23.56418215707875,0
2023-01-22 01:00:00,M1,68.10812181910433,0.4060096898891135,23.014409074435044,0
2023-01-22 02:00:00,M1,92.3596380316525,0.5829474841931749,27.082003368269977,0
2023-01-22 03:00:00,M3,76.97910783462648,0.48061738612271965,35.191894255096585,0
2023-01-22 04:00:00,M2,68.48581996385552,0.4735485158689389,22.403269622615788,0
2023-01-22 05:00:00,M1,70.16114165945679,0.2996137635593247,15.839222009447155,0
2023-01-22 06:00:00,M3,71.7965269180568,0.5635418030209226,27.744205707955008,0
2023-01-22 07:00:00,M2,79.24165946401916,0.37607416051465276,32.758703999554605,0
2023-01-22 08:00:00,M3,80.228354880355,0.5059932630266328,36.00130874869414,0
2023-01-22 09:00:00,M1,69.26299996061421,0.5277376937958191,27.684193189573005,0
2023-01-22 10:00:00,M1,74.75645407739017,0.6360658595838651,27.942866964419988,0
2023-01-22 11:00:00,M1,96.42270358611864,0.3691179600880888,35.769503671278734,0
2023-01-22 12:00:00,M3,92.27543170100711,0.19804878441791746,20.6512915015229,0
2023-01-22 13:00:00,M3,79.36323669674032,0.5183849544753695,28.057396124084953,0
2023-01-22 14:00:00,M1,75.380034781682,0.6800511181510853,30.95211944962529,0
2023-01-22 15:00:00,M3,76.20031326718261,0.6238946352939437,32.24609360642517,0
2023-01-22 16:00:00,M1,81.13517972730416,0.5209659415274626,27.450966534045588,1
2023-01-22 17:00:00,M1,64.77207434801595,0.4508363814367953,30.172205058529208,0
2023-01-22 18:00:00,M2,72.42623462576655,0.5807122596637311,17.55836323293505,1
2023-01-22 19:00:00,M3,58.314159261224106,0.40264538002955313,26.70875793833076,0
2023-01-22 20:00:00,M1,78.9922312260528,0.5476357769356219,32.26754356277234,0
2023-01-22 21:00:00,M1,81.4719593970274,0.5505470159166627,25.088529828726603,0
2023-01-22 22:00:00,M3,70.16813537700627,0.606020990749888,30.294921107947985,0
2023-01-22 23:00:00,M2,90.73986763290033,0.7759660038911078,32.23436250401349,0
2023-01-23 00:00:00,M2,62.74234336997659,0.5392415967178767,28.287253995711175,0
2023-01-23 01:00:00,M1,60.3562511979018,0.44910363742925014,30.852318854982855,0
2023-01-23 02:00:00,M3,77.24451818559972,0.49744256878080056,25.186337173576938,0
2023-01-23 03:00:00,M2,85.47098302612154,0.3230924095110882,28.966943601519766,0
2023-01-23 04:00:00,M3,91.83927691457869,0.4305286868910942,33.05108084794611,0
2023-01-23 05:00:00,M3,70.4111573713106,0.4590717561886896,30.784864804842172,0
2023-01-23 06:00:00,M1,85.78680833431295,0.4475911602065408,27.067343652180323,1
2023-01-23 07:00:00,M2,74.61491530499293,0.5152354872033722,31.121082021453965,0
2023-01-23 08:00:00,M1,73.2737270005918,0.41775800676177993,33.57304895318309,0
2023-01-23 09:00:00,M2,83.83659937486672,0.6121030667324472,19.75029360711261,0
2023-01-23 10:00:00,M2,81.52322878413419,0.5000207064918197,35.79537032477949,0
2023-01-23 11:00:00,M2,59.236078430157505,0.49906996788613855,28.31872630659464,0
2023-01-23 12:00:00,M2,89.76540349725896,0.46721052834870824,32.12744966620115,0
2023-01-23 13:00:00,M2,88.80091354147451,0.5155190683858979,35.98623461822614,0
2023-01-23 14:00:00,M3,68.7443729849047,0.5825098264667634,23.14163151384767,0
2023-01-23 15:00:00,M1,78.95803533437409,0.41328697842890993,26.452794987862266,0
2023-01-23 16:00:00,M3,79.94030186282738,0.43418835109247433,28.557256520621475,1
2023-01-23 17:00:00,M2,77.60673765823907,0.46962739712233353,26.081232394377857,0
2023-01-23 18:00:00,M1,69.4969484615458,0.36541290765267853,38.67468287918404,0
2023-01-23 19:00:00,M2,68.28376632061949,0.4180742140278502,25.716139530866037,0
2023-01-23 20:00:00,M1,74.74445929008554,0.45237791264553406,27.222266102565666,0
2023-01-23 21:00:00,M3,86.72729019259364,0.5874389180712728,31.021945158014884,0
2023-01-23 22:00:00,M1,80.43600154594432,0.5262561329001925,23.989252369619557,0
2023-01-23 23:00:00,M1,71.29385667913894,0.5193589911367544,28.02159644121868,0
2023-01-24 00:00:00,M1,82.71698710648344,0.5850897962167972,31.587266306250875,0
2023-01-24 01:00:00,M1,46.51457379369924,0.4862628211600603,28.335697978087445,0
2023-01-24 02:00:00,M1,86.48765700372104,0.539046484992889,29.53306570550026,0
2023-01-24 03:00:00,M2,57.60286221221901,0.48967782470675036,27.353339437758144,0
2023-01-24 04:00:00,M1,71.37559058596868,0.5265362349399628,22.427648454096165,0
2023-01-24 05:00:00,M1,63.803301053738565,0.44172413423884177,31.607966056696192,0
2023-01-24 06:00:00,M3,62.053185242790946,0.25611828417235705,38.774665358236206,0
2023-01-24 07:00:00,M1,86.6082678737852,0.48657208378136957,30.09200815391719,0
2023-01-24 08:00:00,M3,70.32298798688109,0.642274813609994,31.126320586237746,0
2023-01-24 09:00:00,M2,78.46503881730716,0.5926215402241592,33.4636137755843,0
2023-01-24 10:00:00,M1,74.53079421120816,0.5965397484591171,23.653347517266504,0
2023-01-24 11:00:00,M3,79.77040827223121,0.6236130721806218,38.51257329064803,0
2023-01-24 12:00:00,M3,75.76821891060256,0.5088657590961437,31.01164398211401,0
2023-01-24 13:00:00,M2,62.1700777581143,0.5197315707405595,38.15928449544555,0
2023-01-24 14:00:00,M1,84.9626681944714,0.438234810456565,26.334835022380055,0
2023-01-24 15:00:00,M1,70.06243416838687,0.468392714397295,39.09030961278913,0
2023-01-24 16:00:00,M3,59.434181013402494,0.5615771149771142,33.875777470173915,0
2023-01-24 17:00:00,M1,70.71884839034088,0.6203884437168816,32.76520042926179,0
2023-01-24 18:00:00,M3,90.00759790634311,0.48605537243190006,31.17012227176574,0
2023-01-24 19:00:00,M1,83.50221742113493,0.45498107351485884,28.757356909627752,0
2023-01-24 20:00:00,M3,71.5134786559214,0.5000527958856598,36.00265829236936,0
2023-01-24 21:00:00,M1,71.50742295681572,0.5601206748929115,30.701799349240236,0
2023-01-24 22:00:00,M2,71.78364948782617,0.3556145183866458,20.164651482064237,0
2023-01-24 23:00:00,M1,95.76747983560841,0.2703819046862762,24.414067691464986,0
2023-01-25 00:00:00,M1,78.81935452231554,0.44494631505084165,29.070771239036265,1
2023-01-25 01:00:00,M2,79.3004164719107,0.3779287574085841,31.549994915827774,0
2023-01-25 02:00:00,M1,85.30283454031843,0.4491859802352689,29.71705755550052,0
2023-01-25 03:00:00,M2,77.38789159026514,0.48522196811825286,36.094853948968314,0
2023-01-25 04:00:00,M1,72.40957854179297,0.4546751590976987,20.244490679806876,0
2023-01-25 05:00:00,M3,73.03650150915021,0.6452467534470745,30.717939682525802,0
2023-01-25 06:00:00,M3,74.28398740585936,0.532674476460232,20.910103873064227,0
2023-01-25 07:00:00,M1,74.62777763490159,0.5300474359610828,33.79856147742084,0
2023-01-25 08:00:00,M1,82.2762954363698,0.5622207144043402,29.527706427789987,0
2023-01-25 09:00:00,M1,75.519458858073,0.3861166882219231,32.09804986012059,0
2023-01-25 10:00:00,M3,82.3264007721558,0.6039111787420268,25.68058519705117,0
2023-01-25 11:00:00,M1,74.19283419891417,0.49242357134645404,36.39732465828875,0
2023-01-25 12:00:00,M3,75.7863519031609,0.5670480617241213,35.20862332029426,0
2023-01-25 13:00:00,M2,55.01799315467892,0.39281427669598445,32.91772151505944,0
2023-01-25 14:00:00,M3,84.16327674702481,0.34462412339839354,29.352413765682797,0
2023-01-25 15:00:00,M3,78.46488475897992,0.5817889658025028,32.89928642647566,1
2023-01-25 16:00:00,M2,84.98010109859652,0.5376409526097516,26.465537160063256,0
2023-01-25 17:00:00,M3,46.03744621806311,0.409794844564249,34.27777829510356,0
2023-01-25 18:00:00,M1,95.88374704780728,0.4130336918725306,38.2474044716196,0
2023-01-25 19:00:00,M1,73.60410371844826,0.6125434784414769,35.353052799895934,0
2023-01-25 20:00:00,M3,86.08182816737516,0.3810588107132672,26.351987650962954,0
2023-01-25 21:00:00,M1,64.60094072874469,0.6642672953255964,31.807086586365514,0
2023-01-25 22:00:00,M3,81.12773905062569,0.4099379265352131,23.53429228120676,0
2023-01-25 23:00:00,M1,64.46584436826343,0.5638391925608383,32.86195155587838,0
2023-01-26 00:00:00,M1,68.76231039304194,0.46713815242510154,32.253017064312694,0
2023-01-26 01:00:00,M3,94.14031353866787,0.5603187431082343,20.65091830233918,0
2023-01-26 02:00:00,M1,73.09317599236654,0.44558859978858073,24.19108078043818,0
2023-01-26 03:00:00,M3,77.17432873179723,0.48372070939277056,28.584305516281166,0
2023-01-26 04:00:00,M1,83.70067730688754,0.5040919175395722,28.495701264295867,0
2023-01-26 05:00:00,M1,79.95681887972604,0.39978125442185275,23.952615322905974,0
2023-01-26 06:00:00,M2,76.50418905143576,0.5740824345420126,31.944893646760917,0
2023-01-26 07:00:00,M2,78.64961002466225,0.44867864335284147,31.25736804470256,0
2023-01-26 08:00:00,M3,99.03415585238275,0.47714000846599813,29.028654340107405,0
2023-01-26 09:00:00,M2,74.42381202966415,0.40056506253914875,26.221042499208185,0
2023-01-26 10:00:00,M3,77.01099046714967,0.24376663412046895,35.24353563208282,0
2023-01-26 11:00:00,M2,85.50654396007612,0.4808972237399831,38.27703556544148,0
2023-01-26 12:00:00,M1,86.05525932957984,0.7412615421612916,27.582192580767316,0
2023-01-26 13:00:00,M3,86.8703030556038,0.5784604287898024,26.939165414225897,0
2023-01-26 14:00:00,M3,81.38730222029184,0.4980739620265605,32.45603832705998,0
2023-01-26 15:00:00,M1,63.569950872695166,0.47371091707917323,28.209853101265068,0
2023-01-26 16:00:00,M3,91.33431532301096,0.5022465892812047,29.30301399668383,0
2023-01-26 17:00:00,M3,63.53654606981312,0.554711911517521,33.69826575862336,0
2023-01-26 18:00:00,M2,78.02635465239034,0.3819187184691155,20.453219562463538,0
2023-01-26 19:00:00,M3,67.45724149980641,0.6114321694668872,36.59151162426335,0
2023-01-26 20:00:00,M1,74.35861653407008,0.5715381315441244,30.363402621646706,0
2023-01-26 21:00:00,M2,78.2876241030348,0.5718185725707935,27.9425342771891,0
2023-01-26 22:00:00,M2,78.21357215450273,0.5438475738809727,29.553829228892756,0
2023-01-26 23:00:00,M1,79.21920754235285,0.501961665769399,29.812146775102594,0
2023-01-27 00:00:00,M1,91.13711269058646,0.567286123596682,21.343993482775375,0
2023-01-27 01:00:00,M2,79.5353430151398,0.5591814133741378,37.47469113726618,0
2023-01-27 02:00:00,M3,72.55843364709351,0.4645959289058976,30.20662816135309,0
2023-01-27 03:00:00,M2,84.64087168288357,0.4426398227103099,32.21501065223688,0
2023-01-27 04:00:00,M1,86.89470488924641,0.5101856295261986,34.757748852870215,1
2023-01-27 05:00:00,M2,62.72392184863008,0.6549020151495187,24.894187712198498,0
2023-01-27 06:00:00,M1,80.97400069849859,0.3760892924346099,32.367359495176146,0
2023-01-27 07:00:00,M2,82.01172742310898,0.353247473424756,28.661794545506034,0
2023-01-27 08:00:00,M3,72.02436496640009,0.5164760841236516,34.23385387608247,0
2023-01-27 09:00:00,M2,88.75706813311619,0.5050887701856018,19.363862898242523,0
2023-01-27 10:00:00,M2,73.49944412967473,0.5173341664370408,29.504528498793654,0
2023-01-27 11:00:00,M1,76.25576453471542,0.5243953197908501,26.98589672108019,0
2023-01-27 12:00:00,M1,73.26928175716131,0.4776797745365195,32.16131475317078,0
2023-01-27 13:00:00,M1,75.15579047581467,0.6489863438602083,32.35022093684101,0
2023-01-27 14:00:00,M2,64.03724913104799,0.33990960215234844,26.46187052588987,0
2023-01-27 15:00:00,M3,60.59949117405706,0.4171502975219754,26.43913067911978,0
2023-01-27 16:00:00,M1,90.94505063224972,0.48967452398509526,29.446673157213354,0
2023-01-27 17:00:00,M1,66.53038651681672,0.3356811188845833,25.516788863423958,0
2023-01-27 18:00:00,M2,65.08607650543692,0.4824145595567929,34.209918477260636,0
2023-01-27 19:00:00,M1,53.466098863962856,0.6661470165728018,28.15396399776277,0
2023-01-27 20:00:00,M3,68.61038252310497,0.5020886488295961,15.465058903391792,0
2023-01-27 21:00:00,M3,61.76910206592502,0.5230700905718684,28.12588971689097,0
2023-01-27 22:00:00,M1,91.4201516013637,0.373983523482742,24.80728089578014,0
2023-01-27 23:00:00,M1,85.09817089342634,0.43836385919605225,21.843620922695273,0
2023-01-28 00:00:00,M2,68.11849654822277,0.4624803619676063,23.812866808887136,0
2023-01-28 01:00:00,M3,97.52435805344308,0.4682284903243766,30.547042359164852,0
2023-01-28 02:00:00,M3,84.81765486991594,0.6281643795003768,36.643204141241156,0
2023-01-28 03:00:00,M1,71.75168616491378,0.5557691060725125,31.565922369324902,0
2023-01-28 04:00:00,M2,50.005942851264265,0.3888542043062968,26.967483058921303,0
2023-01-28 05:00:00,M3,97.90942572590743,0.5246504778432005,32.279520975853515,0
2023-01-28 06:00:00,M3,61.10427533236404,0.5498221748496785,27.70454844890504,0
2023-01-28 07:00:00,M2,58.546012530431085,0.6140149038521266,26.526998154184277,0
2023-01-28 08:00:00,M2,85.2257043200964,0.6580540686568374,24.228186658835078,0
2023-01-28 09:00:00,M3,99.39752406339272,0.3984905808172131,21.240855966241405,0
2023-01-28 10:00:00,M3,88.84272818510519,0.41891424887896617,28.050381467202772,0
2023-01-28 11:00:00,M2,80.6390912005236,0.37424221410853836,30.79026744960066,0
2023-01-28 12:00:00,M3,80.94754341665286,0.47659801408930186,29.51688164992555,0
2023-01-28 13:00:00,M1,83.53415558780307,0.5466358374446334,27.920165360263205,0
2023-01-28 14:00:00,M1,82.58928589786765,0.5987334516589102,25.271269696516093,0
2023-01-28 15:00:00,M2,77.81191423969376,0.49240489763574774,33.04123095842484,1
2023-01-28 16:00:00,M2,76.04201103951875,0.46801524767451563,23.414340400267076,1
2023-01-28 17:00:00,M2,74.37406872100478,0.515175799224874,33.88013956921738,0
2023-01-28 18:00:00,M1,67.46035411133323,0.4164857098369977,24.988914905366375,0
2023-01-28 19:00:00,M3,72.19324923133226,0.7089538721694774,26.237823813234826,0
2023-01-28 20:00:00,M1,58.07043185804615,0.3392338972881941,22.666074046921615,0
2023-01-28 21:00:00,M3,74.0166037320525,0.5184740578895725,27.492989265571815,0
2023-01-28 22:00:00,M1,65.11408892849083,0.7023606219229639,34.87656229238989,0
2023-01-28 23:00:00,M3,63.964106827842286,0.5006799844559998,32.578140442219784,0
2023-01-29 00:00:00,M1,76.79894151153478,0.48099609649985053,34.892110560140175,0
2023-01-29 01:00:00,M2,88.920022863446,0.46425545771895727,32.61071272966968,0
2023-01-29 02:00:00,M1,84.18316606002313,0.4819608318237592,24.481650857348153,0
2023-01-29 03:00:00,M3,59.29499396376823,0.637284847467653,28.346053878362213,0
2023-01-29 04:00:00,M1,65.10371863429663,0.2788138088670493,26.099004354412685,0
2023-01-29 05:00:00,M1,84.40771187988216,0.6533433701296325,36.6528745201952,0
2023-01-29 06:00:00,M1,65.1751260646169,0.3576042847549855,24.01605676786844,0
2023-01-29 07:00:00,M2,72.75366850002976,0.4733347670765585,34.46848844694556,0
2023-01-29 08:00:00,M1,80.50052099024552,0.45707555797013383,34.46476935054385,0
2023-01-29 09:00:00,M2,65.31655545136366,0.558855326977072,39.14810100858044,0
2023-01-29 10:00:00,M2,76.0537550614596,0.34018756481162526,27.951567036852513,0
2023-01-29 11:00:00,M1,61.65974505081795,0.5462172666081943,33.56161079790081,0
2023-01-29 12:00:00,M1,68.98632356048786,0.7024309623286853,41.40825918269421,0
2023-01-29 13:00:00,M1,78.19781934142537,0.3636825995407189,26.911791615331516,0
2023-01-29 14:00:00,M3,59.070062664683306,0.5189706167610396,22.3247987623382,0
2023-01-29 15:00:00,M1,79.40474737960399,0.4338017822203391,20.59994983046118,0
2023-01-29 16:00:00,M2,74.80362201073319,0.5425887206193036,33.563560144306656,1
2023-01-29 17:00:00,M1,80.52489954417148,0.5019147777415752,20.584248959707082,0
2023-01-29 18:00:00,M3,77.23914134064661,0.435851309095569,28.138404735310385,0
2023-01-29 19:00:00,M1,88.64140429973844,0.5487872284871074,32.18656593519481,0
2023-01-29 20:00:00,M3,76.25224502647907,0.6804348109786743,30.92587768414957,0
2023-01-29 21:00:00,M3,70.70594458874747,0.4809096208272701,32.12722432092086,0
2023-01-29 22:00:00,M1,76.22297503032284,0.5719757942148181,31.11144927900427,0
2023-01-29 23:00:00,M2,80.43298029036387,0.3706727042128836,36.39432906656697,0
2023-01-30 00:00:00,M3,75.48860070325705,0.4043563623181991,25.238418096306013,0
2023-01-30 01:00:00,M1,75.40591691203882,0.5472406277880377,26.615024307707344,0
2023-01-30 02:00:00,M1,67.98008312193245,0.6484116028535964,26.13670277364588,0
2023-01-30 03:00:00,M2,68.37099082449052,0.5355613348785659,34.15095905931305,0
2023-01-30 04:00:00,M3,60.97394728200307,0.46869419694768455,34.50199294197532,0
2023-01-30 05:00:00,M3,92.4957674318694,0.4999291405423354,32.25612659659254,0
2023-01-30 06:00:00,M1,62.56136764608715,0.3749592266030283,35.91746833444964,0
2023-01-30 07:00:00,M1,68.07094802204092,0.5604515326355367,24.109795663118096,0
2023-01-30 08:00:00,M2,67.81592734430802,0.5882333062323409,38.336120557755685,0
2023-01-30 09:00:00,M2,83.94924376944441,0.45479096671669195,37.61619310856129,0
2023-01-30 10:00:00,M3,72.05050321707972,0.4529957852240498,33.67810998622873,0
2023-01-30 11:00:00,M3,87.47742072673734,0.5265878229652049,38.9089945438553,0
2023-01-30 12:00:00,M1,68.26509375756132,0.45632802639594044,21.71688396161113,0
2023-01-30 13:00:00,M3,77.78994162223802,0.49338673853741777,27.377759318686742,0
2023-01-30 14:00:00,M2,66.64652946740243,0.7099721789166515,26.32348269659024,0
2023-01-30 15:00:00,M2,96.45149127773388,0.47529742992540036,33.607396618786716,0
2023-01-30 16:00:00,M1,63.12401580970487,0.4641659847978778,24.749296301989272,0
2023-01-30 17:00:00,M2,78.09820710227028,0.4352458194364841,33.78747574668743,0
2023-01-30 18:00:00,M2,81.33776880932099,0.5744191971499937,36.85268071998357,0
2023-01-30 19:00:00,M2,79.13799097451498,0.4818775826781897,33.47601450042,0
2023-01-30 20:00:00,M2,73.14712341122292,0.4350626961678574,31.418755118307505,0
2023-01-30 21:00:00,M1,73.70179300266574,0.6321304032273012,25.060633295496253,0
2023-01-30 22:00:00,M1,75.4381147197911,0.6419603004513638,25.765745169373176,0
2023-01-30 23:00:00,M3,73.52997998371511,0.4399576434261295,36.248094526483335,1
2023-01-31 00:00:00,M2,84.6387911679491,0.3133460048639384,33.89674501952666,0
2023-01-31 01:00:00,M3,97.10523001591352,0.6007513689836922,29.80490240311228,0
2023-01-31 02:00:00,M1,69.42508214992166,0.4315370174239996,27.91045227117055,0
2023-01-31 03:00:00,M1,61.301970204209226,0.5790625599162769,19.870960634443115,0
2023-01-31 04:00:00,M1,74.11717951648745,0.3029896182288164,24.645737906577807,0
2023-01-31 05:00:00,M1,100.79709337654319,0.5892597338299309,39.55709543569861,0
2023-01-31 06:00:00,M1,66.9632543203027,0.3788828070719219,23.597722144987667,0
2023-01-31 07:00:00,M1,91.39116805444067,0.5730764119066525,30.947399106105404,0
2023-01-31 08:00:00,M1,91.77700814076441,0.5014273067836434,35.03721986597599,0
2023-01-31 09:00:00,M2,69.46411758292005,0.4046060580603355,23.725386659988537,0
2023-01-31 10:00:00,M3,80.68983079185276,0.45929636870732193,30.923552373905416,0
2023-01-31 11:00:00,M1,91.28396623128538,0.56863184569567,34.689577687553275,0
2023-01-31 12:00:00,M2,71.20872259012513,0.5105894453115234,30.06249660953625,0
2023-01-31 13:00:00,M2,72.96419639897638,0.5584412980472484,44.34201527833384,0
2023-01-31 14:00:00,M3,69.18319086051356,0.6976440584515485,21.65700370560902,0
2023-01-31 15:00:00,M1,64.85243269307134,0.34357583882889486,35.2936426494194,0
2023-01-31 16:00:00,M3,68.50722454933992,0.6617212574968624,29.135991313017676,0
2023-01-31 17:00:00,M1,62.760597332377436,0.5104355937523213,33.85960077418338,0
2023-01-31 18:00:00,M2,75.34083468259226,0.4101215951676872,32.20653575849623,0
2023-01-31 19:00:00,M2,67.30026768941359,0.366968637426101,26.334219014450017,0
2023-01-31 20:00:00,M2,77.33785911790747,0.48108796092229666,31.1449819622967,0
2023-01-31 21:00:00,M2,59.44104353796373,0.5921650111924459,20.710492743008565,0
2023-01-31 22:00:00,M3,78.30880232214457,0.4872450879622466,33.01623750285697,0
2023-01-31 23:00:00,M1,83.33528961608924,0.6511154930247347,31.49079232995263,0
2023-02-01 00:00:00,M1,55.062643574285445,0.35488243099484407,33.19330084321551,0
2023-02-01 01:00:00,M3,78.74056569847572,0.49879110521539455,35.29059162543575,0
2023-02-01 02:00:00,M1,87.27668992473292,0.3747606555586881,31.838099201048554,0
2023-02-01 03:00:00,M2,62.90358981308795,0.5363631882624967,30.740447098991382,0
2023-02-01 04:00:00,M1,91.72572386837703,0.5886887390097301,25.59465831669354,0
2023-02-01 05:00:00,M2,79.19019009366045,0.4579238206318947,26.438896181754746,0
2023-02-01 06:00:00,M3,67.94988144241591,0.23957861433728656,35.93367310088666,0
2023-02-01 07:00:00,M1,74.44230922342294,0.5198948146796495,37.18167702852989,0
2023-02-01 08:00:00,M3,80.58326912521723,0.543673855173351,28.80944781843973,0
2023-02-01 09:00:00,M1,75.76005391412411,0.5404294754961698,30.230013736266372,0
2023-02-01 10:00:00,M2,80.38755992446369,0.6235782191822155,25.47692812503117,0
2023-02-01 11:00:00,M3,65.79326406920634,0.3928946320350951,35.86378422633722,1
2023-02-01 12:00:00,M1,76.69360824036077,0.568021610545045,33.32708411845889,0
2023-02-01 13:00:00,M2,60.8628550309502,0.6192507512477975,39.70608718231875,0
2023-02-01 14:00:00,M3,73.88773938651299,0.3221412415993483,25.608384614101304,1
2023-02-01 15:00:00,M3,65.9609235853521,0.5319651825918977,28.109960504908916,0
2023-02-01 16:00:00,M1,67.64470057410233,0.44958201689923283,31.157229612627862,0
2023-02-01 17:00:00,M1,87.36093175210438,0.4918477326898354,33.23244768862885,0
2023-02-01 18:00:00,M1,85.9131012059427,0.5347676483538336,28.92166181226184,0
2023-02-01 19:00:00,M2,81.09138120907177,0.4512771435886448,25.635194547731498,0
2023-02-01 20:00:00,M1,64.07687235327421,0.4324291920838388,34.40703764461786,0
2023-02-01 21:00:00,M3,71.83591550305198,0.5034152417488025,33.60567681272791,0
2023-02-01 22:00:00,M3,87.13097699979184,0.39127540611371975,25.418629497181374,0
2023-02-01 23:00:00,M1,76.41716913639905,0.39141748711148144,36.777214005527476,0
2023-02-02 00:00:00,M1,98.19329539981695,0.5679373282956504,35.850993545983016,0
2023-02-02 01:00:00,M3,78.93317839394372,0.3851205964841344,30.671482486238965,0
2023-02-02 02:00:00,M2,76.92049116490031,0.5666312500909212,30.39798931188018,0
2023-02-02 03:00:00,M1,71.908835357975,0.5462591292853951,32.77028885557954,0
2023-02-02 04:00:00,M1,76.33540904782282,0.32741932712094035,25.69148464871871,0
2023-02-02 05:00:00,M3,73.47530163619456,0.4322435347664345,30.15015739582041,0
2023-02-02 06:00:00,M1,82.0810867668859,0.6194109403047372,19.2380822769541,0
2023-02-02 07:00:00,M2,84.56702316794585,0.40188344688603184,34.382278227514675,0
2023-02-02 08:00:00,M3,67.14010539492051,0.45355957376906125,22.192533887790702,0
2023-02-02 09:00:00,M1,61.68767046442222,0.5462060893251897,37.51709914214499,0
2023-02-02 10:00:00,M3,56.637946268967035,0.5783390509282595,28.349399530167748,0
2023-02-02 11:00:00,M1,80.07991326912544,0.47484611139555044,28.941665090344117,0
2023-02-02 12:00:00,M1,63.966333938261265,0.44024898053083583,26.86133046957747,0
2023-02-02 13:00:00,M1,53.471094070475175,0.6422369861698508,28.55980563038962,0
2023-02-02 14:00:00,M2,78.88578604530964,0.673889966379758,37.092656725740184,0
2023-02-02 15:00:00,M2,99.9299951743279,0.5978858050781796,17.5609567173246,0
2023-02-02 16:00:00,M3,74.93929088460106,0.5085318142565024,36.38482693044094,0
2023-02-02 17:00:00,M1,83.38490774451643,0.4191734278359074,31.69011740550854,0
2023-02-02 18:00:00,M1,75.81829358547564,0.4169555593443435,23.964891760713922,0
2023-02-02 19:00:00,M2,74.01110346808858,0.5522514105265758,24.62343803475381,0
2023-02-02 20:00:00,M1,84.19076482987768,0.5418398220888684,38.38196513604102,0
2023-02-02 21:00:00,M2,72.09725455811349,0.6401598592946429,25.272465600286345,0
2023-02-02 22:00:00,M1,77.67392314071903,0.5650450092536139,24.233247447020204,0
2023-02-02 23:00:00,M3,78.21697806196013,0.3496919698240182,35.68657271182364,0
2023-02-03 00:00:00,M1,68.31909546356951,0.6051947617722919,31.692764381429573,0
2023-02-03 01:00:00,M1,84.92042349536523,0.4001939372685587,25.310372117318007,0
2023-02-03 02:00:00,M2,73.25040243304592,0.46160287280476486,31.083124877023096,1
2023-02-03 03:00:00,M1,67.44254840507155,0.5250200206251694,24.871236581798613,0
2023-02-03 04:00:00,M1,80.36509843570404,0.6995667489783964,35.50410699211302,0
2023-02-03 05:00:00,M2,66.01532018208962,0.8109918556005361,35.306854824365665,0
2023-02-03 06:00:00,M3,75.28181157369129,0.5606723059136183,32.66003099410972,0
2023-02-03 07:00:00,M3,74.90881003355797,0.48168033812796124,31.808305306235084,0
2023-02-03 08:00:00,M2,85.85895565831578,0.553450564848055,38.80594062433687,0
2023-02-03 09:00:00,M2,79.74698232879953,0.5887655425873837,29.998431636941127,0
2023-02-03 10:00:00,M2,74.74973041254856,0.46793323744428084,24.090629372895993,0
2023-02-03 11:00:00,M2,83.17766299200287,0.6795211355912323,32.24736956416153,0
2023-02-03 12:00:00,M2,88.90207549017313,0.5230070759191402,40.43023524768557,0
2023-02-03 13:00:00,M3,80.57810306351863,0.5497743089091395,24.92620253407074,1
2023-02-03 14:00:00,M3,75.10352619843381,0.5665924252054462,28.19268616653007,0
2023-02-03 15:00:00,M2,61.8816376764984,0.5421586610614456,32.08223019050726,0
2023-02-03 16:00:00,M1,64.34886336924627,0.5838940500469613,29.730475754971305,0
2023-02-03 17:00:00,M2,71.94775295645333,0.43827468134530767,25.088482098113428,0
2023-02-03 18:00:00,M1,68.90487797840717,0.44416982460539695,35.60928928115236,0
2023-02-03 19:00:00,M2,73.13028697014553,0.3899845767028305,41.6002036100863,0
2023-02-03 20:00:00,M2,75.56649924897107,0.5439501230620226,30.980657295119535,0
2023-02-03 21:00:00,M3,80.2969275435673,0.5778936503512114,25.47965855132,0
2023-02-03 22:00:00,M1,74.29501221940909,0.5457772866151885,22.255197374732624,0
2023-02-03 23:00:00,M1,79.86501643826202,0.6674492433347538,31.289879906105906,0
2023-02-04 00:00:00,M3,75.6447441481012,0.49944039811709534,35.51938671658129,0
2023-02-04 01:00:00,M3,55.24533433646128,0.5668741655592513,32.37583873247691,0
2023-02-04 02:00:00,M3,65.60664606181246,0.39082991238606857,29.98798079540573,1
2023-02-04 03:00:00,M3,73.55912444278384,0.4612900297525599,27.053641741053468,0
2023-02-04 04:00:00,M1,62.90305257158892,0.5695537757565777,24.53918183640955,0
2023-02-04 05:00:00,M1,80.99928729996205,0.5849102110743144,34.173756631624414,0
2023-02-04 06:00:00,M2,90.30750832343698,0.4706033052335818,34.56885810692793,0
2023-02-04 07:00:00,M2,87.18761851697317,0.49284007481419334,22.271351066546334,0
2023-02-04 08:00:00,M3,72.86557129069791,0.34821262533191905,37.94919489090342,0
2023-02-04 09:00:00,M3,89.90726136849952,0.46429707991933905,32.870356104470005,0
2023-02-04 10:00:00,M3,76.48667457202112,0.5890383163519786,36.99797322572897,0
2023-02-04 11:00:00,M2,71.62914028881961,0.5575205016106566,23.289361257574424,0
2023-02-04 12:00:00,M2,68.8659733645906,0.5500665721381209,23.170879222922807,0
2023-02-04 13:00:00,M2,71.97530313511872,0.504977368718096,29.255153451163515,0
2023-02-04 14:00:00,M2,71.11823181458772,0.5007063158628177,32.51392213447597,0
2023-02-04 15:00:00,M2,76.70416222375488,0.4339678860526553,38.98180411463482,0
2023-02-04 16:00:00,M2,76.60573981049865,0.5698828420202535,33.53039456907566,0
2023-02-04 17:00:00,M2,75.03046020153414,0.542097294438939,28.786593615939832,0
2023-02-04 18:00:00,M3,79.3693816974635,0.5492018847992799,24.86815396167054,1
2023-02-04 19:00:00,M3,86.90646274786342,0.44739651573324196,36.15000286359575,0
2023-02-04 20:00:00,M3,84.49554135441323,0.28466570801287555,25.176472871246425,0
2023-02-04 21:00:00,M3,60.151020315500965,0.6097152711753696,38.14234277386161,0
2023-02-04 22:00:00,M2,49.46078865098045,0.4521162543991596,28.578076751967455,0
2023-02-04 23:00:00,M1,84.34319911239274,0.41372242359568795,37.95291036308925,0
2023-02-05 00:00:00,M2,61.33121301584579,0.5693478911913994,33.394656450296395,1
2023-02-05 01:00:00,M1,72.75234598107316,0.460798736008087,29.31502255278771,0
2023-02-05 02:00:00,M3,63.298869739406406,0.6059936384046622,27.403018140869367,0
2023-02-05 03:00:00,M2,56.9801956241998,0.5617005949576698,28.2954606132696,0
2023-02-05 04:00:00,M3,80.41462728204787,0.5683569323200478,32.14158346187619,0
2023-02-05 05:00:00,M2,82.59155160302647,0.36340442887994656,30.385782481088583,0
2023-02-05 06:00:00,M3,69.2348959927328,0.6211943985386401,27.030942959656475,0
2023-02-05 07:00:00,M1,49.0895770785509,0.5261250531233856,29.17184294841184,0
2023-02-05 08:00:00,M1,69.53755551747517,0.4630722860753797,30.39288514859575,0
2023-02-05 09:00:00,M1,78.91804005402547,0.5143388467342251,19.35632952792594,0
2023-02-05 10:00:00,M2,60.21088431225871,0.322376476710168,32.29084057394349,0
2023-02-05 11:00:00,M1,76.83359919779156,0.5408652811480671,25.101393876415965,0
2023-02-05 12:00:00,M2,74.84690150827005,0.39706284918179285,24.233337983971275,0
2023-02-05 13:00:00,M1,80.79291499601088,0.36473297141564653,21.56327826444645,0
2023-02-05 14:00:00,M1,76.19580368414154,0.3477640813782109,21.03053751066055,0
2023-02-05 15:00:00,M2,65.26931059118445,0.6112688374989925,23.222762484438555,0
2023-02-05 16:00:00,M2,86.96571501664491,0.4370736606307211,26.45489521184755,0
2023-02-05 17:00:00,M1,73.4147042697303,0.6533727709916499,39.76629568763284,0
2023-02-05 18:00:00,M2,74.72695460490068,0.4464198536947702,27.37060162052398,0
2023-02-05 19:00:00,M1,65.66732040926804,0.32926420424070535,30.888750531340158,0
2023-02-05 20:00:00,M2,70.5671774880849,0.3883475560051341,32.00240693253164,0
2023-02-05 21:00:00,M3,66.15197285973099,0.6235811620006939,30.655325931079243,0
2023-02-05 22:00:00,M3,73.27053940076577,0.48441018220633325,29.612782696370033,0
2023-02-05 23:00:00,M3,92.11708480142343,0.4451712703509399,24.023531182003776,0
2023-02-06 00:00:00,M3,61.28098857068643,0.5160018225852787,37.25463774139606,0
2023-02-06 01:00:00,M3,58.86438602123259,0.5501782736167545,39.03598321818943,0
2023-02-06 02:00:00,M1,89.71170327493608,0.6117398815902461,21.58670652938657,0
2023-02-06 03:00:00,M3,72.90676322848134,0.6448499229892927,24.8798570455681,1
2023-02-06 04:00:00,M3,68.30927261340084,0.4640231354210914,28.60094828811497,0
2023-02-06 05:00:00,M3,85.39904687396077,0.3673952313917962,25.177311025449043,0
2023-02-06 06:00:00,M3,68.94384460263136,0.4586534838876724,32.52982776727933,0
2023-02-06 07:00:00,M2,93.26009713546937,0.5260280506582886,26.358638987966934,1
2023-02-06 08:00:00,M1,81.7792587133927,0.4036241073789389,40.825280339033014,0
2023-02-06 09:00:00,M3,70.12088591854297,0.4042849085104957,35.95274297171798,0
2023-02-06 10:00:00,M3,96.57308213265503,0.5343787881549885,31.062870153161075,0
2023-02-06 11:00:00,M3,68.94285076996661,0.4951347648429549,35.13493131659866,0
2023-02-06 12:00:00,M1,82.42095372009307,0.5032796995411587,35.52950212178654,0
2023-02-06 13:00:00,M2,77.99292580406492,0.42415046652999305,27.180262559708783,1
2023-02-06 14:00:00,M1,88.01741289398798,0.47695992857942326,25.918913777290175,0
2023-02-06 15:00:00,M2,90.61511196726853,0.40757668557316956,30.390715314848237,0
2023-02-06 16:00:00,M3,75.32004149065767,0.5890198411124787,34.30818062248972,0
2023-02-06 17:00:00,M3,67.46582129653817,0.6035249334723752,30.695301993267087,0
2023-02-06 18:00:00,M1,79.59972142939117,0.3153812137761906,22.115017589045014,0
2023-02-06 19:00:00,M1,68.22284630247894,0.407048913980759,25.985877780245787,0
2023-02-06 20:00:00,M2,95.13387247526623,0.3503470744909921,29.63013568202811,0
2023-02-06 21:00:00,M2,76.36535331082737,0.4349976065593102,29.62167197837085,0
2023-02-06 22:00:00,M1,71.34678448687892,0.4916562030209639,39.86271088394904,0
2023-02-06 23:00:00,M2,76.84680305864909,0.355035478030147,23.07006028800501,0
2023-02-07 00:00:00,M1,61.52873710470303,0.4078140186874687,32.527946209179376,1
2023-02-07 01:00:00,M2,65.28385961489349,0.39960426279185013,37.44556554164145,0
2023-02-07 02:00:00,M1,87.00413907944426,0.5207267329398944,41.35724872711398,0
2023-02-07 03:00:00,M1,68.43105721028604,0.506934433703625,27.978012884080194,0
2023-02-07 04:00:00,M1,64.53089017318061,0.42782624466627467,32.457147263601,0
2023-02-07 05:00:00,M2,80.36652752527286,0.5176820872139398,32.84880178599323,0
2023-02-07 06:00:00,M2,86.85704154662997,0.44533199154127345,30.977408657766453,0
2023-02-07 07:00:00,M2,82.18953310665067,0.47283448896739466,29.50577399380347,0
2023-02-07 08:00:00,M1,84.96047685805816,0.6673452090298537,32.17987694750023,0
2023-02-07 09:00:00,M2,67.43204911430539,0.6340461051790348,17.338769573901573,0
2023-02-07 10:00:00,M2,60.78189333258156,0.3700418763072402,33.410347450313154,1
2023-02-07 11:00:00,M1,90.01333651955487,0.5829732417879174,30.630889518309836,0
2023-02-07 12:00:00,M3,71.77320161157864,0.5811396554491592,28.887625516108674,0
2023-02-07 13:00:00,M1,72.49166983544953,0.38517367112473816,40.23431097859779,0
2023-02-07 14:00:00,M2,88.28194141849058,0.5818777643754861,26.625329906047238,0
2023-02-07 15:00:00,M1,80.5623000940066,0.6537931918412553,27.984620054674846,0
2023-02-07 16:00:00,M3,79.55887772081607,0.3877455193755586,39.95776651102367,0
2023-02-07 17:00:00,M1,96.65002344901083,0.4082497178985736,25.839693475750718,1
2023-02-07 18:00:00,M2,68.56481769619857,0.6017661466843502,27.249423585317306,0
2023-02-07 19:00:00,M3,84.27840128081237,0.5271495310825648,29.26487288284575,0
2023-02-07 20:00:00,M2,75.57013124897084,0.5551476275239523,34.20367241064775,0
2023-02-07 21:00:00,M3,77.68592278863257,0.5340589216400496,31.039012536766567,0
2023-02-07 22:00:00,M3,90.28468426412532,0.5390695920928145,23.536873264238686,0
2023-02-07 23:00:00,M1,80.07835756289624,0.3673527871688917,27.33915718436405,1
2023-02-08 00:00:00,M1,80.38296079049633,0.6047317706621449,26.963227833938944,0
2023-02-08 01:00:00,M2,85.72507337309803,0.6169589992427773,29.613894773884773,0
2023-02-08 02:00:00,M1,71.35047270457115,0.47706092559319724,32.129218293149144,0
2023-02-08 03:00:00,M1,66.60790332660994,0.49565230501861374,32.09102877943986,0
2023-02-08 04:00:00,M3,64.55190805978967,0.3468892497444278,21.11994122975799,0
2023-02-08 05:00:00,M1,55.33643410623998,0.5514254756017835,35.31970493780428,0
2023-02-08 06:00:00,M3,95.56207129940321,0.5572057441714144,31.262844229983116,0
2023-02-08 07:00:00,M3,63.96791634278317,0.4937808983000689,36.92266023796953,1
2023-02-08 08:00:00,M3,72.78746376414227,0.6124353359870502,32.22099163645336,0
2023-02-08 09:00:00,M2,72.2318670011108,0.46659227690200594,35.50661478867881,0
2023-02-08 10:00:00,M2,78.07406697809101,0.55646059258936,32.33272655725064,0
2023-02-08 11:00:00,M2,83.15737212539297,0.39803356613078844,36.73112878101374,0
2023-02-08 12:00:00,M3,83.60473488359746,0.4976447849125762,32.611253180088895,0
2023-02-08 13:00:00,M2,69.16922561431062,0.48256457420971643,29.51042376778548,0
2023-02-08 14:00:00,M2,73.32878286213588,0.5225307922040942,41.36217360223441,0
2023-02-08 15:00:00,M1,77.825799504883,0.46304730711666414,34.44518561139946,0
2023-02-08 16:00:00,M2,72.51308873816453,0.4868527404328332,32.868722105022066,0
2023-02-08 17:00:00,M2,91.07345576019992,0.5826047171441506,23.61847791730832,0
2023-02-08 18:00:00,M3,79.90974951638252,0.45632357627617826,23.55846191268231,0
2023-02-08 19:00:00,M3,82.34877786049817,0.339342289926132,31.463577410709267,0
2023-02-08 20:00:00,M3,81.62881268667412,0.6749583904205421,30.727605988841205,0
2023-02-08 21:00:00,M3,86.73473857485325,0.6381454078690487,26.929387174958418,0
2023-02-08 22:00:00,M3,76.81021558703706,0.3707737304894381,30.7049134980603,0
2023-02-08 23:00:00,M3,62.03168052044153,0.5689707805245194,37.94313464021798,0
2023-02-09 00:00:00,M2,78.99687951752642,0.4497025229448657,33.477012372751496,0
2023-02-09 01:00:00,M3,68.4864310620817,0.526348721533106,24.294957451236307,0
2023-02-09 02:00:00,M3,69.71383318250243,0.5294224129013494,29.442455864285282,0
2023-02-09 03:00:00,M1,80.86364018755093,0.4765592199683678,25.975167595737197,0
2023-02-09 04:00:00,M2,87.38283071433636,0.42162343344136033,28.061500417957195,0
2023-02-09 05:00:00,M2,75.21271576736062,0.4309458947683741,27.931921671851786,1
2023-02-09 06:00:00,M2,78.08833012598964,0.40838080845187574,27.611772086979975,0
2023-02-09 07:00:00,M3,92.02214944635239,0.4168177791769555,23.724323140133023,0
2023-02-09 08:00:00,M3,77.40753179488568,0.4932821709950645,29.36172659240905,0
2023-02-09 09:00:00,M3,101.01683114180395,0.4284240010889248,27.19696181576345,0
2023-02-09 10:00:00,M1,80.65509645631545,0.568205206571262,15.35275654998866,0
2023-02-09 11:00:00,M3,57.39237240844182,0.6487246155335927,40.26486012250832,0
2023-02-09 12:00:00,M1,82.53341621104532,0.4419946758629957,35.44384827108336,0
2023-02-09 13:00:00,M2,78.81158384882778,0.5239404500535377,28.11849637537502,0
2023-02-09 14:00:00,M3,87.89752754082745,0.5499685110302934,30.094095248702992,0
2023-02-09 15:00:00,M1,81.73181351269959,0.5472002270919274,24.14172826341219,0
2023-02-09 16:00:00,M1,73.61544016016227,0.5075955267916087,38.47861438905433,0
2023-02-09 17:00:00,M3,62.757017637106344,0.5742682418359722,39.486443473865556,0
2023-02-09 18:00:00,M2,72.90976742713974,0.5482248952680657,30.783468641232623,0
2023-02-09 19:00:00,M2,66.494795457907,0.3762337577672702,35.11765322092673,1
2023-02-09 20:00:00,M2,69.19476550195277,0.5869156064389274,30.87643389466962,1
2023-02-09 21:00:00,M1,80.88578404420609,0.5887290837266742,23.316372805620347,0
2023-02-09 22:00:00,M1,91.69904504351406,0.42367138958214184,27.940883155181712,0
2023-02-09 23:00:00,M1,78.9467152982298,0.5037937835447602,30.659639833859785,0
2023-02-10 00:00:00,M1,63.04116937964815,0.568332899281107,27.72726140628278,1
2023-02-10 01:00:00,M2,79.4460266822014,0.47906861804206385,28.90673361282482,0
2023-02-10 02:00:00,M3,86.96631486645651,0.6072978047766012,29.54300221245443,0
2023-02-10 03:00:00,M1,68.90217095680617,0.7363872494619361,29.595607510672693,0
2023-02-10 04:00:00,M1,73.65982833327082,0.4214013967365018,30.261292452487417,0
2023-02-10 05:00:00,M2,75.14688194729197,0.3618955396846225,24.696974668016995,0
2023-02-10 06:00:00,M3,67.1510168691776,0.5303818595604876,26.41491925436032,0
2023-02-10 07:00:00,M3,81.4828043384386,0.5721562505126143,23.577078671500153,0
2023-02-10 08:00:00,M2,73.79051851392218,0.4769133626155231,34.889077748431,0
2023-02-10 09:00:00,M2,79.19532443907028,0.6453260663321034,19.471765290798377,0
2023-02-10 10:00:00,M3,66.125078221979,0.3661394200276751,35.767951716584626,0
2023-02-10 11:00:00,M1,70.62541699676589,0.5692918623031611,36.93174698631422,0
2023-02-10 12:00:00,M3,82.22381357827771,0.43941391792411066,28.48909706508689,0
2023-02-10 13:00:00,M2,71.27166847908234,0.6719377906207297,16.984314560863506,0
2023-02-10 14:00:00,M1,92.26963851233405,0.6992515353168118,28.193447190163546,0
2023-02-10 15:00:00,M1,71.00363814385398,0.4233343412216652,29.679079193555904,0
2023-02-10 16:00:00,M2,77.24684725751887,0.44504428640914195,24.947008900355435,1
2023-02-10 17:00:00,M2,84.3259083187309,0.5859587886979802,27.423908030958785,0
2023-02-10 18:00:00,M2,60.816342670669684,0.46128693502104856,37.65097599431676,0
2023-02-10 19:00:00,M3,57.39191188019224,0.4954588782067762,33.324635811508706,0
2023-02-10 20:00:00,M3,59.74343685429905,0.502538842054241,25.3771794281095,1
2023-02-10 21:00:00,M1,87.62584103427182,0.30803268438023435,22.01200415202284,0
2023-02-10 22:00:00,M2,69.48141854107553,0.49861622539057626,28.364913411951143,0
2023-02-10 23:00:00,M1,100.58199285668252,0.4310272225935826,28.93271610324781,0
2023-02-11 00:00:00,M1,69.35752401342612,0.4506877177600228,32.48099593681658,0
2023-02-11 01:00:00,M1,76.84551303197037,0.6443632003468814,27.323416437161704,0
2023-02-11 02:00:00,M1,90.42109952567876,0.3743493105720743,32.55749787680931,0
2023-02-11 03:00:00,M2,95.06092888159122,0.5813205186747977,39.675770200301145,0
2023-02-11 04:00:00,M1,95.61503576636397,0.47210370696681914,34.07750511222131,0
2023-02-11 05:00:00,M2,87.08366230593143,0.47202398315041655,29.759557463346137,0
2023-02-11 06:00:00,M2,85.24062525811462,0.5790371896051711,29.084247644733527,0
2023-02-11 07:00:00,M3,80.92526949201184,0.534005129456889,28.216634329100643,0
2023-02-11 08:00:00,M2,82.78361076166638,0.5570612997219531,35.903204562260726,0
2023-02-11 09:00:00,M3,69.48814283671467,0.5968184660532861,26.863432770243485,0
2023-02-11 10:00:00,M2,66.81801116577692,0.4668691616816677,30.22611354499991,0
2023-02-11 11:00:00,M2,74.96625542589048,0.43877632654922494,30.255989509405428,0
2023-02-11 12:00:00,M2,73.29815377475072,0.3914849473442202,27.49107903594234,0
2023-02-11 13:00:00,M3,70.46771950672725,0.4174589470021045,23.137672260579496,1
2023-02-11 14:00:00,M3,81.96387447456715,0.7949094425308725,31.61487251808834,0
2023-02-11 15:00:00,M1,84.5530520857051,0.6244679580736787,29.694980140723082,0
